country,iso3,date,Year,Month,cases
Anguilla,NA,2024-01-01T00:00:00Z,2024,Jan,NA
Anguilla,NA,2024-02-01T00:00:00Z,2024,Feb,NA
Anguilla,NA,2024-03-01T00:00:00Z,2024,Mar,NA
Anguilla,NA,2024-04-01T00:00:00Z,2024,Apr,NA
Anguilla,NA,2024-05-01T00:00:00Z,2024,May,NA
Anguilla,NA,2024-06-01T00:00:00Z,2024,Jun,NA
Anguilla,NA,2024-07-01T00:00:00Z,2024,Jul,NA
Anguilla,NA,2024-08-01T00:00:00Z,2024,Aug,NA
Anguilla,NA,2024-09-01T00:00:00Z,2024,Sep,NA
Anguilla,NA,2024-10-01T00:00:00Z,2024,Oct,NA
Anguilla,NA,2024-11-01T00:00:00Z,2024,Nov,NA
Anguilla,NA,2024-12-01T00:00:00Z,2024,Dec,NA
Anguilla,NA,2025-01-01T00:00:00Z,2025,Jan,NA
Anguilla,NA,2025-02-01T00:00:00Z,2025,Feb,NA
Anguilla,NA,2025-03-01T00:00:00Z,2025,Mar,1
Anguilla,NA,2025-04-01T00:00:00Z,2025,Apr,NA
Anguilla,NA,2025-05-01T00:00:00Z,2025,May,NA
Antigua and Barbuda,NA,2024-01-01T00:00:00Z,2024,Jan,41
Antigua and Barbuda,NA,2024-02-01T00:00:00Z,2024,Feb,NA
Antigua and Barbuda,NA,2024-03-01T00:00:00Z,2024,Mar,NA
Antigua and Barbuda,NA,2024-04-01T00:00:00Z,2024,Apr,74
Antigua and Barbuda,NA,2024-05-01T00:00:00Z,2024,May,8
Antigua and Barbuda,NA,2024-06-01T00:00:00Z,2024,Jun,NA
Antigua and Barbuda,NA,2024-07-01T00:00:00Z,2024,Jul,NA
Antigua and Barbuda,NA,2024-08-01T00:00:00Z,2024,Aug,NA
Antigua and Barbuda,NA,2024-09-01T00:00:00Z,2024,Sep,12
Antigua and Barbuda,NA,2024-10-01T00:00:00Z,2024,Oct,NA
Antigua and Barbuda,NA,2024-11-01T00:00:00Z,2024,Nov,NA
Antigua and Barbuda,NA,2024-12-01T00:00:00Z,2024,Dec,NA
Antigua and Barbuda,NA,2025-01-01T00:00:00Z,2025,Jan,NA
Antigua and Barbuda,NA,2025-02-01T00:00:00Z,2025,Feb,NA
Antigua and Barbuda,NA,2025-03-01T00:00:00Z,2025,Mar,2
Antigua and Barbuda,NA,2025-04-01T00:00:00Z,2025,Apr,1
Antigua and Barbuda,NA,2025-05-01T00:00:00Z,2025,May,NA
Argentina,NA,2024-01-01T00:00:00Z,2024,Jan,32998
Argentina,NA,2024-02-01T00:00:00Z,2024,Feb,80049
Argentina,NA,2024-03-01T00:00:00Z,2024,Mar,229735
Argentina,NA,2024-04-01T00:00:00Z,2024,Apr,219578
Argentina,NA,2024-05-01T00:00:00Z,2024,May,18003
Argentina,NA,2024-06-01T00:00:00Z,2024,Jun,876
Argentina,NA,2024-07-01T00:00:00Z,2024,Jul,40
Argentina,NA,2024-08-01T00:00:00Z,2024,Aug,31
Argentina,NA,2024-09-01T00:00:00Z,2024,Sep,31
Argentina,NA,2024-10-01T00:00:00Z,2024,Oct,52
Argentina,NA,2024-11-01T00:00:00Z,2024,Nov,84
Argentina,NA,2024-12-01T00:00:00Z,2024,Dec,82
Argentina,NA,2025-01-01T00:00:00Z,2025,Jan,261
Argentina,NA,2025-02-01T00:00:00Z,2025,Feb,1690
Argentina,NA,2025-03-01T00:00:00Z,2025,Mar,9505
Argentina,NA,2025-04-01T00:00:00Z,2025,Apr,6212
Argentina,NA,2025-05-01T00:00:00Z,2025,May,4749
Argentina,NA,2025-06-01T00:00:00Z,2025,Jun,28
Aruba,NA,2024-01-01T00:00:00Z,2024,Jan,3
Aruba,NA,2024-02-01T00:00:00Z,2024,Feb,6
Aruba,NA,2024-03-01T00:00:00Z,2024,Mar,7
Aruba,NA,2024-04-01T00:00:00Z,2024,Apr,NA
Aruba,NA,2024-05-01T00:00:00Z,2024,May,NA
Aruba,NA,2024-06-01T00:00:00Z,2024,Jun,NA
Aruba,NA,2024-07-01T00:00:00Z,2024,Jul,NA
Aruba,NA,2024-08-01T00:00:00Z,2024,Aug,NA
Aruba,NA,2024-09-01T00:00:00Z,2024,Sep,3
Aruba,NA,2024-10-01T00:00:00Z,2024,Oct,4
Aruba,NA,2024-11-01T00:00:00Z,2024,Nov,NA
Aruba,NA,2024-12-01T00:00:00Z,2024,Dec,NA
Aruba,NA,2025-01-01T00:00:00Z,2025,Jan,NA
Aruba,NA,2025-02-01T00:00:00Z,2025,Feb,2
Aruba,NA,2025-03-01T00:00:00Z,2025,Mar,NA
Aruba,NA,2025-04-01T00:00:00Z,2025,Apr,2
Aruba,NA,2025-05-01T00:00:00Z,2025,May,2
Bahamas,NA,2024-01-01T00:00:00Z,2024,Jan,NA
Bahamas,NA,2024-02-01T00:00:00Z,2024,Feb,NA
Barbados,NA,2024-01-01T00:00:00Z,2024,Jan,373
Barbados,NA,2024-02-01T00:00:00Z,2024,Feb,386
Barbados,NA,2024-03-01T00:00:00Z,2024,Mar,214
Barbados,NA,2024-04-01T00:00:00Z,2024,Apr,51
Barbados,NA,2024-05-01T00:00:00Z,2024,May,15
Barbados,NA,2024-06-01T00:00:00Z,2024,Jun,5
Barbados,NA,2024-07-01T00:00:00Z,2024,Jul,11
Barbados,NA,2024-08-01T00:00:00Z,2024,Aug,19
Barbados,NA,2024-09-01T00:00:00Z,2024,Sep,15
Barbados,NA,2024-10-01T00:00:00Z,2024,Oct,17
Barbados,NA,2024-11-01T00:00:00Z,2024,Nov,11
Barbados,NA,2024-12-01T00:00:00Z,2024,Dec,1286
Barbados,NA,2025-01-01T00:00:00Z,2025,Jan,78
Barbados,NA,2025-02-01T00:00:00Z,2025,Feb,16
Barbados,NA,2025-03-01T00:00:00Z,2025,Mar,11
Barbados,NA,2025-04-01T00:00:00Z,2025,Apr,16
Barbados,NA,2025-05-01T00:00:00Z,2025,May,8
Barbados,NA,2025-06-01T00:00:00Z,2025,Jun,1
Belize,NA,2024-01-01T00:00:00Z,2024,Jan,73
Belize,NA,2024-02-01T00:00:00Z,2024,Feb,72
Belize,NA,2024-03-01T00:00:00Z,2024,Mar,39
Belize,NA,2024-04-01T00:00:00Z,2024,Apr,53
Belize,NA,2024-05-01T00:00:00Z,2024,May,66
Belize,NA,2024-06-01T00:00:00Z,2024,Jun,71
Belize,NA,2024-07-01T00:00:00Z,2024,Jul,147
Belize,NA,2024-08-01T00:00:00Z,2024,Aug,315
Belize,NA,2024-09-01T00:00:00Z,2024,Sep,180
Belize,NA,2024-10-01T00:00:00Z,2024,Oct,78
Belize,NA,2024-11-01T00:00:00Z,2024,Nov,54
Belize,NA,2024-12-01T00:00:00Z,2024,Dec,NA
Belize,NA,2025-01-01T00:00:00Z,2025,Jan,54
Belize,NA,2025-02-01T00:00:00Z,2025,Feb,55
Belize,NA,2025-03-01T00:00:00Z,2025,Mar,90
Belize,NA,2025-04-01T00:00:00Z,2025,Apr,47
Bermuda,NA,2024-01-01T00:00:00Z,2024,Jan,NA
Bermuda,NA,2024-02-01T00:00:00Z,2024,Feb,NA
Bermuda,NA,2024-03-01T00:00:00Z,2024,Mar,NA
Bermuda,NA,2024-04-01T00:00:00Z,2024,Apr,NA
Bermuda,NA,2024-05-01T00:00:00Z,2024,May,NA
Bermuda,NA,2024-06-01T00:00:00Z,2024,Jun,NA
Bermuda,NA,2024-07-01T00:00:00Z,2024,Jul,NA
Bermuda,NA,2024-08-01T00:00:00Z,2024,Aug,1
Bermuda,NA,2024-09-01T00:00:00Z,2024,Sep,NA
Bermuda,NA,2024-10-01T00:00:00Z,2024,Oct,NA
Bermuda,NA,2024-11-01T00:00:00Z,2024,Nov,NA
Bermuda,NA,2024-12-01T00:00:00Z,2024,Dec,NA
Bermuda,NA,2025-01-01T00:00:00Z,2025,Jan,NA
Bermuda,NA,2025-02-01T00:00:00Z,2025,Feb,NA
Bermuda,NA,2025-03-01T00:00:00Z,2025,Mar,NA
Bermuda,NA,2025-04-01T00:00:00Z,2025,Apr,NA
Bermuda,NA,2025-05-01T00:00:00Z,2025,May,NA
Bolivia,NA,2024-01-01T00:00:00Z,2024,Jan,7720
Bolivia,NA,2024-02-01T00:00:00Z,2024,Feb,5811
Bolivia,NA,2024-03-01T00:00:00Z,2024,Mar,9096
Bolivia,NA,2024-04-01T00:00:00Z,2024,Apr,11015
Bolivia,NA,2024-05-01T00:00:00Z,2024,May,5513
Bolivia,NA,2024-06-01T00:00:00Z,2024,Jun,1909
Bolivia,NA,2024-07-01T00:00:00Z,2024,Jul,886
Bolivia,NA,2024-08-01T00:00:00Z,2024,Aug,802
Bolivia,NA,2024-09-01T00:00:00Z,2024,Sep,1338
Bolivia,NA,2024-10-01T00:00:00Z,2024,Oct,1415
Bolivia,NA,2024-11-01T00:00:00Z,2024,Nov,2085
Bolivia,NA,2024-12-01T00:00:00Z,2024,Dec,2854
Bolivia,NA,2025-01-01T00:00:00Z,2025,Jan,4154
Bolivia,NA,2025-02-01T00:00:00Z,2025,Feb,3395
Bolivia,NA,2025-03-01T00:00:00Z,2025,Mar,5792
Bolivia,NA,2025-04-01T00:00:00Z,2025,Apr,4273
Bolivia,NA,2025-05-01T00:00:00Z,2025,May,3460
"Bonaire, Sint Eustatius and Saba",NA,2024-01-01T00:00:00Z,2024,Jan,89
"Bonaire, Sint Eustatius and Saba",NA,2024-02-01T00:00:00Z,2024,Feb,63
"Bonaire, Sint Eustatius and Saba",NA,2024-03-01T00:00:00Z,2024,Mar,55
Brazil,NA,2024-01-01T00:00:00Z,2024,Jan,780294
Brazil,NA,2024-02-01T00:00:00Z,2024,Feb,1717471
Brazil,NA,2024-03-01T00:00:00Z,2024,Mar,2294462
Brazil,NA,2024-04-01T00:00:00Z,2024,Apr,2730187
Brazil,NA,2024-05-01T00:00:00Z,2024,May,1393612
Brazil,NA,2024-06-01T00:00:00Z,2024,Jun,508183
Brazil,NA,2024-07-01T00:00:00Z,2024,Jul,224816
Brazil,NA,2024-08-01T00:00:00Z,2024,Aug,112171
Brazil,NA,2024-09-01T00:00:00Z,2024,Sep,132175
Brazil,NA,2024-10-01T00:00:00Z,2024,Oct,102456
Brazil,NA,2024-11-01T00:00:00Z,2024,Nov,130569
Brazil,NA,2024-12-01T00:00:00Z,2024,Dec,172024
Brazil,NA,2025-01-01T00:00:00Z,2025,Jan,456645
Brazil,NA,2025-02-01T00:00:00Z,2025,Feb,562993
Brazil,NA,2025-03-01T00:00:00Z,2025,Mar,855828
Brazil,NA,2025-04-01T00:00:00Z,2025,Apr,608346
Brazil,NA,2025-05-01T00:00:00Z,2025,May,555051
Brazil,NA,2025-06-01T00:00:00Z,2025,Jun,196835
British Virgin Islands,NA,2024-01-01T00:00:00Z,2024,Jan,NA
British Virgin Islands,NA,2024-02-01T00:00:00Z,2024,Feb,NA
British Virgin Islands,NA,2024-03-01T00:00:00Z,2024,Mar,NA
British Virgin Islands,NA,2024-04-01T00:00:00Z,2024,Apr,NA
British Virgin Islands,NA,2024-05-01T00:00:00Z,2024,May,NA
British Virgin Islands,NA,2024-06-01T00:00:00Z,2024,Jun,NA
British Virgin Islands,NA,2024-07-01T00:00:00Z,2024,Jul,12
British Virgin Islands,NA,2024-08-01T00:00:00Z,2024,Aug,9
British Virgin Islands,NA,2024-09-01T00:00:00Z,2024,Sep,49
British Virgin Islands,NA,2024-10-01T00:00:00Z,2024,Oct,8
British Virgin Islands,NA,2024-11-01T00:00:00Z,2024,Nov,52
British Virgin Islands,NA,2024-12-01T00:00:00Z,2024,Dec,NA
British Virgin Islands,NA,2025-01-01T00:00:00Z,2025,Jan,11
British Virgin Islands,NA,2025-02-01T00:00:00Z,2025,Feb,4
British Virgin Islands,NA,2025-03-01T00:00:00Z,2025,Mar,6
British Virgin Islands,NA,2025-04-01T00:00:00Z,2025,Apr,4
British Virgin Islands,NA,2025-05-01T00:00:00Z,2025,May,1
Canada,NA,2024-01-01T00:00:00Z,2024,Jan,NA
Canada,NA,2024-02-01T00:00:00Z,2024,Feb,NA
Canada,NA,2024-03-01T00:00:00Z,2024,Mar,NA
Canada,NA,2024-04-01T00:00:00Z,2024,Apr,NA
Canada,NA,2024-05-01T00:00:00Z,2024,May,NA
Canada,NA,2024-06-01T00:00:00Z,2024,Jun,NA
Canada,NA,2024-07-01T00:00:00Z,2024,Jul,NA
Canada,NA,2024-08-01T00:00:00Z,2024,Aug,NA
Canada,NA,2024-09-01T00:00:00Z,2024,Sep,NA
Canada,NA,2024-10-01T00:00:00Z,2024,Oct,NA
Canada,NA,2024-11-01T00:00:00Z,2024,Nov,NA
Canada,NA,2024-12-01T00:00:00Z,2024,Dec,NA
Canada,NA,2025-01-01T00:00:00Z,2025,Jan,NA
Canada,NA,2025-02-01T00:00:00Z,2025,Feb,NA
Canada,NA,2025-03-01T00:00:00Z,2025,Mar,NA
Canada,NA,2025-04-01T00:00:00Z,2025,Apr,NA
Canada,NA,2025-05-01T00:00:00Z,2025,May,NA
Canada,NA,2025-06-01T00:00:00Z,2025,Jun,NA
Cayman Islands,NA,2024-01-01T00:00:00Z,2024,Jan,NA
Cayman Islands,NA,2024-02-01T00:00:00Z,2024,Feb,3
Cayman Islands,NA,2024-03-01T00:00:00Z,2024,Mar,NA
Cayman Islands,NA,2024-04-01T00:00:00Z,2024,Apr,NA
Cayman Islands,NA,2024-05-01T00:00:00Z,2024,May,NA
Cayman Islands,NA,2024-06-01T00:00:00Z,2024,Jun,NA
Cayman Islands,NA,2024-07-01T00:00:00Z,2024,Jul,2
Cayman Islands,NA,2024-08-01T00:00:00Z,2024,Aug,NA
Cayman Islands,NA,2024-09-01T00:00:00Z,2024,Sep,3
Cayman Islands,NA,2024-10-01T00:00:00Z,2024,Oct,NA
Cayman Islands,NA,2024-11-01T00:00:00Z,2024,Nov,NA
Cayman Islands,NA,2024-12-01T00:00:00Z,2024,Dec,NA
Cayman Islands,NA,2025-01-01T00:00:00Z,2025,Jan,NA
Cayman Islands,NA,2025-02-01T00:00:00Z,2025,Feb,NA
Cayman Islands,NA,2025-03-01T00:00:00Z,2025,Mar,NA
Cayman Islands,NA,2025-04-01T00:00:00Z,2025,Apr,NA
Chile,NA,2024-01-01T00:00:00Z,2024,Jan,NA
Chile,NA,2024-02-01T00:00:00Z,2024,Feb,NA
Chile,NA,2024-03-01T00:00:00Z,2024,Mar,37
Chile,NA,2024-04-01T00:00:00Z,2024,Apr,95
Chile,NA,2024-05-01T00:00:00Z,2024,May,19
Chile,NA,2024-06-01T00:00:00Z,2024,Jun,6
Chile,NA,2024-07-01T00:00:00Z,2024,Jul,NA
Chile,NA,2024-08-01T00:00:00Z,2024,Aug,NA
Chile,NA,2024-09-01T00:00:00Z,2024,Sep,NA
Chile,NA,2024-10-01T00:00:00Z,2024,Oct,NA
Chile,NA,2024-11-01T00:00:00Z,2024,Nov,NA
Chile,NA,2024-12-01T00:00:00Z,2024,Dec,NA
Chile,NA,2025-01-01T00:00:00Z,2025,Jan,NA
Chile,NA,2025-02-01T00:00:00Z,2025,Feb,NA
Chile,NA,2025-03-01T00:00:00Z,2025,Mar,NA
Chile,NA,2025-04-01T00:00:00Z,2025,Apr,NA
Chile,NA,2025-05-01T00:00:00Z,2025,May,NA
Chile,NA,2025-06-01T00:00:00Z,2025,Jun,NA
Colombia,NA,2024-01-01T00:00:00Z,2024,Jan,27649
Colombia,NA,2024-02-01T00:00:00Z,2024,Feb,27691
Colombia,NA,2024-03-01T00:00:00Z,2024,Mar,27938
Colombia,NA,2024-04-01T00:00:00Z,2024,Apr,45603
Colombia,NA,2024-05-01T00:00:00Z,2024,May,37453
Colombia,NA,2024-06-01T00:00:00Z,2024,Jun,35350
Colombia,NA,2024-07-01T00:00:00Z,2024,Jul,35951
Colombia,NA,2024-08-01T00:00:00Z,2024,Aug,20510
Colombia,NA,2024-09-01T00:00:00Z,2024,Sep,20870
Colombia,NA,2024-10-01T00:00:00Z,2024,Oct,14547
Colombia,NA,2024-11-01T00:00:00Z,2024,Nov,14580
Colombia,NA,2024-12-01T00:00:00Z,2024,Dec,12840
Colombia,NA,2025-01-01T00:00:00Z,2025,Jan,19794
Colombia,NA,2025-02-01T00:00:00Z,2025,Feb,14705
Colombia,NA,2025-03-01T00:00:00Z,2025,Mar,16984
Colombia,NA,2025-04-01T00:00:00Z,2025,Apr,13301
Colombia,NA,2025-05-01T00:00:00Z,2025,May,11614
Colombia,NA,2025-06-01T00:00:00Z,2025,Jun,5684
Costa Rica,NA,2024-01-01T00:00:00Z,2024,Jan,3492
Costa Rica,NA,2024-02-01T00:00:00Z,2024,Feb,1634
Costa Rica,NA,2024-03-01T00:00:00Z,2024,Mar,961
Costa Rica,NA,2024-04-01T00:00:00Z,2024,Apr,1116
Costa Rica,NA,2024-05-01T00:00:00Z,2024,May,1422
Costa Rica,NA,2024-06-01T00:00:00Z,2024,Jun,2813
Costa Rica,NA,2024-07-01T00:00:00Z,2024,Jul,4683
Costa Rica,NA,2024-08-01T00:00:00Z,2024,Aug,4533
Costa Rica,NA,2024-09-01T00:00:00Z,2024,Sep,5176
Costa Rica,NA,2024-10-01T00:00:00Z,2024,Oct,2741
Costa Rica,NA,2024-11-01T00:00:00Z,2024,Nov,1714
Costa Rica,NA,2024-12-01T00:00:00Z,2024,Dec,872
Costa Rica,NA,2025-01-01T00:00:00Z,2025,Jan,631
Costa Rica,NA,2025-02-01T00:00:00Z,2025,Feb,402
Costa Rica,NA,2025-03-01T00:00:00Z,2025,Mar,571
Costa Rica,NA,2025-04-01T00:00:00Z,2025,Apr,544
Costa Rica,NA,2025-05-01T00:00:00Z,2025,May,1289
Cuba,NA,2024-07-01T00:00:00Z,2024,Jul,NA
Curaçao,NA,2024-01-01T00:00:00Z,2024,Jan,40
Curaçao,NA,2024-02-01T00:00:00Z,2024,Feb,94
Curaçao,NA,2024-03-01T00:00:00Z,2024,Mar,128
Dominican Republic,NA,2024-01-01T00:00:00Z,2024,Jan,3821
Dominican Republic,NA,2024-02-01T00:00:00Z,2024,Feb,1231
Dominican Republic,NA,2024-03-01T00:00:00Z,2024,Mar,1046
Dominican Republic,NA,2024-04-01T00:00:00Z,2024,Apr,918
Dominican Republic,NA,2024-05-01T00:00:00Z,2024,May,558
Dominican Republic,NA,2024-06-01T00:00:00Z,2024,Jun,738
Dominican Republic,NA,2024-07-01T00:00:00Z,2024,Jul,547
Dominican Republic,NA,2024-08-01T00:00:00Z,2024,Aug,380
Dominican Republic,NA,2024-09-01T00:00:00Z,2024,Sep,386
Dominican Republic,NA,2024-10-01T00:00:00Z,2024,Oct,269
Dominican Republic,NA,2024-11-01T00:00:00Z,2024,Nov,207
Dominican Republic,NA,2024-12-01T00:00:00Z,2024,Dec,199
Dominican Republic,NA,2025-01-01T00:00:00Z,2025,Jan,201
Dominican Republic,NA,2025-02-01T00:00:00Z,2025,Feb,166
Dominican Republic,NA,2025-03-01T00:00:00Z,2025,Mar,239
Dominican Republic,NA,2025-04-01T00:00:00Z,2025,Apr,129
Dominican Republic,NA,2025-05-01T00:00:00Z,2025,May,280
Ecuador,NA,2024-01-01T00:00:00Z,2024,Jan,3833
Ecuador,NA,2024-02-01T00:00:00Z,2024,Feb,5609
Ecuador,NA,2024-03-01T00:00:00Z,2024,Mar,7601
Ecuador,NA,2024-04-01T00:00:00Z,2024,Apr,10020
Ecuador,NA,2024-05-01T00:00:00Z,2024,May,8126
Ecuador,NA,2024-06-01T00:00:00Z,2024,Jun,6188
Ecuador,NA,2024-07-01T00:00:00Z,2024,Jul,5932
Ecuador,NA,2024-08-01T00:00:00Z,2024,Aug,3099
Ecuador,NA,2024-09-01T00:00:00Z,2024,Sep,2938
Ecuador,NA,2024-10-01T00:00:00Z,2024,Oct,2347
Ecuador,NA,2024-11-01T00:00:00Z,2024,Nov,2605
Ecuador,NA,2024-12-01T00:00:00Z,2024,Dec,2934
Ecuador,NA,2025-01-01T00:00:00Z,2025,Jan,4492
Ecuador,NA,2025-02-01T00:00:00Z,2025,Feb,4091
Ecuador,NA,2025-03-01T00:00:00Z,2025,Mar,5731
Ecuador,NA,2025-04-01T00:00:00Z,2025,Apr,5060
Ecuador,NA,2025-05-01T00:00:00Z,2025,May,6060
Ecuador,NA,2025-06-01T00:00:00Z,2025,Jun,1672
El Salvador,NA,2024-01-01T00:00:00Z,2024,Jan,491
El Salvador,NA,2024-02-01T00:00:00Z,2024,Feb,481
El Salvador,NA,2024-03-01T00:00:00Z,2024,Mar,479
El Salvador,NA,2024-04-01T00:00:00Z,2024,Apr,605
El Salvador,NA,2024-05-01T00:00:00Z,2024,May,622
El Salvador,NA,2024-06-01T00:00:00Z,2024,Jun,785
El Salvador,NA,2024-07-01T00:00:00Z,2024,Jul,1268
El Salvador,NA,2024-08-01T00:00:00Z,2024,Aug,1059
El Salvador,NA,2024-09-01T00:00:00Z,2024,Sep,1089
El Salvador,NA,2024-10-01T00:00:00Z,2024,Oct,708
El Salvador,NA,2024-11-01T00:00:00Z,2024,Nov,562
El Salvador,NA,2024-12-01T00:00:00Z,2024,Dec,403
El Salvador,NA,2025-01-01T00:00:00Z,2025,Jan,411
El Salvador,NA,2025-02-01T00:00:00Z,2025,Feb,358
El Salvador,NA,2025-03-01T00:00:00Z,2025,Mar,492
El Salvador,NA,2025-04-01T00:00:00Z,2025,Apr,379
El Salvador,NA,2025-05-01T00:00:00Z,2025,May,436
French Guiana,NA,2024-01-01T00:00:00Z,2024,Jan,3672
French Guiana,NA,2024-02-01T00:00:00Z,2024,Feb,3993
French Guiana,NA,2024-03-01T00:00:00Z,2024,Mar,3867
French Guiana,NA,2024-04-01T00:00:00Z,2024,Apr,1794
French Guiana,NA,2024-05-01T00:00:00Z,2024,May,1334
French Guiana,NA,2024-06-01T00:00:00Z,2024,Jun,817
French Guiana,NA,2024-07-01T00:00:00Z,2024,Jul,587
French Guiana,NA,2024-08-01T00:00:00Z,2024,Aug,77
French Guiana,NA,2024-09-01T00:00:00Z,2024,Sep,NA
French Guiana,NA,2024-10-01T00:00:00Z,2024,Oct,NA
French Guiana,NA,2024-11-01T00:00:00Z,2024,Nov,NA
French Guiana,NA,2024-12-01T00:00:00Z,2024,Dec,NA
French Guiana,NA,2025-01-01T00:00:00Z,2025,Jan,NA
French Guiana,NA,2025-02-01T00:00:00Z,2025,Feb,NA
French Guiana,NA,2025-03-01T00:00:00Z,2025,Mar,NA
French Guiana,NA,2025-04-01T00:00:00Z,2025,Apr,NA
French Guiana,NA,2025-05-01T00:00:00Z,2025,May,33
French Guiana,NA,2025-06-01T00:00:00Z,2025,Jun,NA
Grenada,NA,2024-01-01T00:00:00Z,2024,Jan,47
Grenada,NA,2024-02-01T00:00:00Z,2024,Feb,37
Grenada,NA,2024-03-01T00:00:00Z,2024,Mar,24
Grenada,NA,2024-04-01T00:00:00Z,2024,Apr,30
Grenada,NA,2024-05-01T00:00:00Z,2024,May,26
Grenada,NA,2024-06-01T00:00:00Z,2024,Jun,53
Grenada,NA,2024-07-01T00:00:00Z,2024,Jul,64
Grenada,NA,2024-08-01T00:00:00Z,2024,Aug,165
Grenada,NA,2024-09-01T00:00:00Z,2024,Sep,244
Grenada,NA,2024-10-01T00:00:00Z,2024,Oct,65
Grenada,NA,2024-11-01T00:00:00Z,2024,Nov,29
Grenada,NA,2024-12-01T00:00:00Z,2024,Dec,14
Grenada,NA,2025-01-01T00:00:00Z,2025,Jan,16
Grenada,NA,2025-02-01T00:00:00Z,2025,Feb,19
Grenada,NA,2025-03-01T00:00:00Z,2025,Mar,8
Guadeloupe,NA,2024-01-01T00:00:00Z,2024,Jan,1445
Guadeloupe,NA,2024-02-01T00:00:00Z,2024,Feb,715
Guadeloupe,NA,2024-03-01T00:00:00Z,2024,Mar,800
Guadeloupe,NA,2024-04-01T00:00:00Z,2024,Apr,435
Guadeloupe,NA,2024-05-01T00:00:00Z,2024,May,290
Guadeloupe,NA,2024-06-01T00:00:00Z,2024,Jun,365
Guadeloupe,NA,2024-07-01T00:00:00Z,2024,Jul,185
Guadeloupe,NA,2024-08-01T00:00:00Z,2024,Aug,NA
Guadeloupe,NA,2024-09-01T00:00:00Z,2024,Sep,1380
Guadeloupe,NA,2024-10-01T00:00:00Z,2024,Oct,2040
Guadeloupe,NA,2024-11-01T00:00:00Z,2024,Nov,2410
Guadeloupe,NA,2024-12-01T00:00:00Z,2024,Dec,960
Guadeloupe,NA,2025-01-01T00:00:00Z,2025,Jan,2220
Guadeloupe,NA,2025-02-01T00:00:00Z,2025,Feb,970
Guadeloupe,NA,2025-03-01T00:00:00Z,2025,Mar,970
Guadeloupe,NA,2025-04-01T00:00:00Z,2025,Apr,NA
Guadeloupe,NA,2025-05-01T00:00:00Z,2025,May,110
Guatemala,NA,2024-01-01T00:00:00Z,2024,Jan,7911
Guatemala,NA,2024-02-01T00:00:00Z,2024,Feb,4495
Guatemala,NA,2024-03-01T00:00:00Z,2024,Mar,4188
Guatemala,NA,2024-04-01T00:00:00Z,2024,Apr,7774
Guatemala,NA,2024-05-01T00:00:00Z,2024,May,11795
Guatemala,NA,2024-06-01T00:00:00Z,2024,Jun,20448
Guatemala,NA,2024-07-01T00:00:00Z,2024,Jul,31234
Guatemala,NA,2024-08-01T00:00:00Z,2024,Aug,27529
Guatemala,NA,2024-09-01T00:00:00Z,2024,Sep,35365
Guatemala,NA,2024-10-01T00:00:00Z,2024,Oct,21376
Guatemala,NA,2024-11-01T00:00:00Z,2024,Nov,12086
Guatemala,NA,2024-12-01T00:00:00Z,2024,Dec,5377
Guatemala,NA,2025-01-01T00:00:00Z,2025,Jan,4371
Guatemala,NA,2025-02-01T00:00:00Z,2025,Feb,3527
Guatemala,NA,2025-03-01T00:00:00Z,2025,Mar,5515
Guatemala,NA,2025-04-01T00:00:00Z,2025,Apr,4212
Guatemala,NA,2025-05-01T00:00:00Z,2025,May,6911
Guatemala,NA,2025-06-01T00:00:00Z,2025,Jun,2375
Guyana,NA,2024-01-01T00:00:00Z,2024,Jan,3049
Guyana,NA,2024-02-01T00:00:00Z,2024,Feb,4222
Guyana,NA,2024-03-01T00:00:00Z,2024,Mar,3457
Guyana,NA,2024-04-01T00:00:00Z,2024,Apr,4669
Guyana,NA,2024-05-01T00:00:00Z,2024,May,4673
Guyana,NA,2024-06-01T00:00:00Z,2024,Jun,6478
Guyana,NA,2024-07-01T00:00:00Z,2024,Jul,7583
Guyana,NA,2024-08-01T00:00:00Z,2024,Aug,2105
Guyana,NA,2024-09-01T00:00:00Z,2024,Sep,2582
Guyana,NA,2024-10-01T00:00:00Z,2024,Oct,2449
Guyana,NA,2024-11-01T00:00:00Z,2024,Nov,2793
Guyana,NA,2024-12-01T00:00:00Z,2024,Dec,2246
Guyana,NA,2025-01-01T00:00:00Z,2025,Jan,5040
Guyana,NA,2025-02-01T00:00:00Z,2025,Feb,4722
Guyana,NA,2025-03-01T00:00:00Z,2025,Mar,11228
Guyana,NA,2025-04-01T00:00:00Z,2025,Apr,8286
Guyana,NA,2025-05-01T00:00:00Z,2025,May,5209
Honduras,NA,2024-01-01T00:00:00Z,2024,Jan,3602
Honduras,NA,2024-02-01T00:00:00Z,2024,Feb,3331
Honduras,NA,2024-03-01T00:00:00Z,2024,Mar,3630
Honduras,NA,2024-04-01T00:00:00Z,2024,Apr,7656
Honduras,NA,2024-05-01T00:00:00Z,2024,May,10940
Honduras,NA,2024-06-01T00:00:00Z,2024,Jun,29091
Honduras,NA,2024-07-01T00:00:00Z,2024,Jul,41723
Honduras,NA,2024-08-01T00:00:00Z,2024,Aug,37091
Honduras,NA,2024-09-01T00:00:00Z,2024,Sep,25028
Honduras,NA,2024-10-01T00:00:00Z,2024,Oct,9410
Honduras,NA,2024-11-01T00:00:00Z,2024,Nov,4171
Honduras,NA,2024-12-01T00:00:00Z,2024,Dec,1536
Honduras,NA,2025-01-01T00:00:00Z,2025,Jan,1434
Honduras,NA,2025-02-01T00:00:00Z,2025,Feb,1274
Honduras,NA,2025-03-01T00:00:00Z,2025,Mar,2134
Honduras,NA,2025-04-01T00:00:00Z,2025,Apr,1545
Honduras,NA,2025-05-01T00:00:00Z,2025,May,2418
Jamaica,NA,2024-01-01T00:00:00Z,2024,Jan,457
Jamaica,NA,2024-02-01T00:00:00Z,2024,Feb,244
Jamaica,NA,2024-03-01T00:00:00Z,2024,Mar,309
Jamaica,NA,2024-04-01T00:00:00Z,2024,Apr,224
Jamaica,NA,2024-05-01T00:00:00Z,2024,May,108
Jamaica,NA,2024-06-01T00:00:00Z,2024,Jun,57
Jamaica,NA,2024-07-01T00:00:00Z,2024,Jul,98
Jamaica,NA,2024-08-01T00:00:00Z,2024,Aug,136
Jamaica,NA,2024-09-01T00:00:00Z,2024,Sep,122
Jamaica,NA,2024-10-01T00:00:00Z,2024,Oct,86
Jamaica,NA,2024-11-01T00:00:00Z,2024,Nov,73
Jamaica,NA,2024-12-01T00:00:00Z,2024,Dec,120
Jamaica,NA,2025-01-01T00:00:00Z,2025,Jan,46
Jamaica,NA,2025-02-01T00:00:00Z,2025,Feb,38
Jamaica,NA,2025-03-01T00:00:00Z,2025,Mar,37
Jamaica,NA,2025-04-01T00:00:00Z,2025,Apr,44
Jamaica,NA,2025-05-01T00:00:00Z,2025,May,44
Martinique,NA,2024-01-01T00:00:00Z,2024,Jan,1630
Martinique,NA,2024-02-01T00:00:00Z,2024,Feb,1765
Martinique,NA,2024-03-01T00:00:00Z,2024,Mar,1160
Martinique,NA,2024-04-01T00:00:00Z,2024,Apr,730
Martinique,NA,2024-05-01T00:00:00Z,2024,May,340
Martinique,NA,2024-06-01T00:00:00Z,2024,Jun,160
Martinique,NA,2024-07-01T00:00:00Z,2024,Jul,219
Martinique,NA,2024-08-01T00:00:00Z,2024,Aug,NA
Martinique,NA,2024-09-01T00:00:00Z,2024,Sep,660
Martinique,NA,2024-10-01T00:00:00Z,2024,Oct,305
Martinique,NA,2024-11-01T00:00:00Z,2024,Nov,267
Martinique,NA,2024-12-01T00:00:00Z,2024,Dec,135
Martinique,NA,2025-01-01T00:00:00Z,2025,Jan,293
Martinique,NA,2025-02-01T00:00:00Z,2025,Feb,100
Martinique,NA,2025-03-01T00:00:00Z,2025,Mar,282
Martinique,NA,2025-04-01T00:00:00Z,2025,Apr,100
Martinique,NA,2025-05-01T00:00:00Z,2025,May,100
Mexico,NA,2024-01-01T00:00:00Z,2024,Jan,21247
Mexico,NA,2024-02-01T00:00:00Z,2024,Feb,13673
Mexico,NA,2024-03-01T00:00:00Z,2024,Mar,12467
Mexico,NA,2024-04-01T00:00:00Z,2024,Apr,16800
Mexico,NA,2024-05-01T00:00:00Z,2024,May,16998
Mexico,NA,2024-06-01T00:00:00Z,2024,Jun,31988
Mexico,NA,2024-07-01T00:00:00Z,2024,Jul,58351
Mexico,NA,2024-08-01T00:00:00Z,2024,Aug,78848
Mexico,NA,2024-09-01T00:00:00Z,2024,Sep,125935
Mexico,NA,2024-10-01T00:00:00Z,2024,Oct,95931
Mexico,NA,2024-11-01T00:00:00Z,2024,Nov,60222
Mexico,NA,2024-12-01T00:00:00Z,2024,Dec,26386
Mexico,NA,2025-01-01T00:00:00Z,2025,Jan,11169
Mexico,NA,2025-02-01T00:00:00Z,2025,Feb,8366
Mexico,NA,2025-03-01T00:00:00Z,2025,Mar,8693
Mexico,NA,2025-04-01T00:00:00Z,2025,Apr,6206
Mexico,NA,2025-05-01T00:00:00Z,2025,May,9942
Mexico,NA,2025-06-01T00:00:00Z,2025,Jun,3510
Montserrat,NA,2024-01-01T00:00:00Z,2024,Jan,1
Montserrat,NA,2024-02-01T00:00:00Z,2024,Feb,NA
Montserrat,NA,2024-03-01T00:00:00Z,2024,Mar,NA
Montserrat,NA,2024-04-01T00:00:00Z,2024,Apr,NA
Montserrat,NA,2024-05-01T00:00:00Z,2024,May,NA
Montserrat,NA,2024-06-01T00:00:00Z,2024,Jun,1
Montserrat,NA,2024-07-01T00:00:00Z,2024,Jul,NA
Montserrat,NA,2024-08-01T00:00:00Z,2024,Aug,NA
Montserrat,NA,2024-09-01T00:00:00Z,2024,Sep,1
Montserrat,NA,2024-10-01T00:00:00Z,2024,Oct,NA
Montserrat,NA,2024-11-01T00:00:00Z,2024,Nov,NA
Montserrat,NA,2024-12-01T00:00:00Z,2024,Dec,NA
Montserrat,NA,2025-01-01T00:00:00Z,2025,Jan,NA
Montserrat,NA,2025-02-01T00:00:00Z,2025,Feb,NA
Montserrat,NA,2025-03-01T00:00:00Z,2025,Mar,NA
Montserrat,NA,2025-04-01T00:00:00Z,2025,Apr,1
Nicaragua,NA,2024-01-01T00:00:00Z,2024,Jan,9530
Nicaragua,NA,2024-02-01T00:00:00Z,2024,Feb,6598
Nicaragua,NA,2024-03-01T00:00:00Z,2024,Mar,4172
Nicaragua,NA,2024-04-01T00:00:00Z,2024,Apr,4832
Nicaragua,NA,2024-05-01T00:00:00Z,2024,May,4843
Nicaragua,NA,2024-06-01T00:00:00Z,2024,Jun,7818
Nicaragua,NA,2024-07-01T00:00:00Z,2024,Jul,9940
Nicaragua,NA,2024-08-01T00:00:00Z,2024,Aug,8335
Nicaragua,NA,2024-09-01T00:00:00Z,2024,Sep,10999
Nicaragua,NA,2024-10-01T00:00:00Z,2024,Oct,9946
Nicaragua,NA,2024-11-01T00:00:00Z,2024,Nov,8261
Nicaragua,NA,2024-12-01T00:00:00Z,2024,Dec,6754
Nicaragua,NA,2025-01-01T00:00:00Z,2025,Jan,5702
Panama,NA,2024-01-01T00:00:00Z,2024,Jan,2553
Panama,NA,2024-02-01T00:00:00Z,2024,Feb,1216
Panama,NA,2024-03-01T00:00:00Z,2024,Mar,891
Panama,NA,2024-04-01T00:00:00Z,2024,Apr,1032
Panama,NA,2024-05-01T00:00:00Z,2024,May,1183
Panama,NA,2024-06-01T00:00:00Z,2024,Jun,2268
Panama,NA,2024-07-01T00:00:00Z,2024,Jul,6839
Panama,NA,2024-08-01T00:00:00Z,2024,Aug,6687
Panama,NA,2024-09-01T00:00:00Z,2024,Sep,5861
Panama,NA,2024-10-01T00:00:00Z,2024,Oct,3558
Panama,NA,2024-11-01T00:00:00Z,2024,Nov,2782
Panama,NA,2024-12-01T00:00:00Z,2024,Dec,2204
Panama,NA,2025-01-01T00:00:00Z,2025,Jan,2426
Panama,NA,2025-02-01T00:00:00Z,2025,Feb,1397
Panama,NA,2025-03-01T00:00:00Z,2025,Mar,1332
Panama,NA,2025-04-01T00:00:00Z,2025,Apr,932
Panama,NA,2025-05-01T00:00:00Z,2025,May,777
Paraguay,NA,2024-01-01T00:00:00Z,2024,Jan,97747
Paraguay,NA,2024-02-01T00:00:00Z,2024,Feb,69931
Paraguay,NA,2024-03-01T00:00:00Z,2024,Mar,50768
Paraguay,NA,2024-04-01T00:00:00Z,2024,Apr,42326
Paraguay,NA,2024-05-01T00:00:00Z,2024,May,14686
Paraguay,NA,2024-06-01T00:00:00Z,2024,Jun,5637
Paraguay,NA,2024-07-01T00:00:00Z,2024,Jul,2208
Paraguay,NA,2024-08-01T00:00:00Z,2024,Aug,1345
Paraguay,NA,2024-09-01T00:00:00Z,2024,Sep,1913
Paraguay,NA,2024-10-01T00:00:00Z,2024,Oct,2399
Paraguay,NA,2024-11-01T00:00:00Z,2024,Nov,3414
Paraguay,NA,2024-12-01T00:00:00Z,2024,Dec,3411
Paraguay,NA,2025-01-01T00:00:00Z,2025,Jan,4652
Paraguay,NA,2025-02-01T00:00:00Z,2025,Feb,3792
Paraguay,NA,2025-03-01T00:00:00Z,2025,Mar,4648
Paraguay,NA,2025-04-01T00:00:00Z,2025,Apr,2893
Paraguay,NA,2025-05-01T00:00:00Z,2025,May,3751
Peru,NA,2024-01-01T00:00:00Z,2024,Jan,12313
Peru,NA,2024-02-01T00:00:00Z,2024,Feb,37992
Peru,NA,2024-03-01T00:00:00Z,2024,Mar,70071
Peru,NA,2024-04-01T00:00:00Z,2024,Apr,97460
Peru,NA,2024-05-01T00:00:00Z,2024,May,32773
Peru,NA,2024-06-01T00:00:00Z,2024,Jun,7760
Peru,NA,2024-07-01T00:00:00Z,2024,Jul,3144
Peru,NA,2024-08-01T00:00:00Z,2024,Aug,1845
Peru,NA,2024-09-01T00:00:00Z,2024,Sep,2466
Peru,NA,2024-10-01T00:00:00Z,2024,Oct,2797
Peru,NA,2024-11-01T00:00:00Z,2024,Nov,5450
Peru,NA,2024-12-01T00:00:00Z,2024,Dec,4810
Peru,NA,2025-01-01T00:00:00Z,2025,Jan,6550
Peru,NA,2025-02-01T00:00:00Z,2025,Feb,5323
Peru,NA,2025-03-01T00:00:00Z,2025,Mar,8001
Peru,NA,2025-04-01T00:00:00Z,2025,Apr,7044
Peru,NA,2025-05-01T00:00:00Z,2025,May,6935
Peru,NA,2025-06-01T00:00:00Z,2025,Jun,1198
Puerto Rico,NA,2024-01-01T00:00:00Z,2024,Jan,284
Puerto Rico,NA,2024-02-01T00:00:00Z,2024,Feb,226
Puerto Rico,NA,2024-03-01T00:00:00Z,2024,Mar,222
Puerto Rico,NA,2024-04-01T00:00:00Z,2024,Apr,341
Puerto Rico,NA,2024-05-01T00:00:00Z,2024,May,384
Puerto Rico,NA,2024-06-01T00:00:00Z,2024,Jun,417
Puerto Rico,NA,2024-07-01T00:00:00Z,2024,Jul,739
Puerto Rico,NA,2024-08-01T00:00:00Z,2024,Aug,593
Puerto Rico,NA,2024-09-01T00:00:00Z,2024,Sep,923
Puerto Rico,NA,2024-10-01T00:00:00Z,2024,Oct,721
Puerto Rico,NA,2024-11-01T00:00:00Z,2024,Nov,589
Puerto Rico,NA,2024-12-01T00:00:00Z,2024,Dec,649
Puerto Rico,NA,2025-01-01T00:00:00Z,2025,Jan,663
Puerto Rico,NA,2025-02-01T00:00:00Z,2025,Feb,389
Puerto Rico,NA,2025-03-01T00:00:00Z,2025,Mar,319
Puerto Rico,NA,2025-04-01T00:00:00Z,2025,Apr,195
Puerto Rico,NA,2025-05-01T00:00:00Z,2025,May,211
Saint Barthelemy,NA,2024-01-01T00:00:00Z,2024,Jan,76
Saint Barthelemy,NA,2024-02-01T00:00:00Z,2024,Feb,29
Saint Barthelemy,NA,2024-03-01T00:00:00Z,2024,Mar,9
Saint Barthelemy,NA,2024-04-01T00:00:00Z,2024,Apr,7
Saint Barthelemy,NA,2024-05-01T00:00:00Z,2024,May,14
Saint Barthelemy,NA,2024-06-01T00:00:00Z,2024,Jun,6
Saint Barthelemy,NA,2024-07-01T00:00:00Z,2024,Jul,7
Saint Barthelemy,NA,2024-08-01T00:00:00Z,2024,Aug,NA
Saint Barthelemy,NA,2024-09-01T00:00:00Z,2024,Sep,3
Saint Barthelemy,NA,2024-10-01T00:00:00Z,2024,Oct,NA
Saint Barthelemy,NA,2024-11-01T00:00:00Z,2024,Nov,6
Saint Barthelemy,NA,2024-12-01T00:00:00Z,2024,Dec,16
Saint Barthelemy,NA,2025-01-01T00:00:00Z,2025,Jan,17
Saint Barthelemy,NA,2025-02-01T00:00:00Z,2025,Feb,1
Saint Barthelemy,NA,2025-03-01T00:00:00Z,2025,Mar,2
Saint Barthelemy,NA,2025-04-01T00:00:00Z,2025,Apr,NA
Saint Barthelemy,NA,2025-05-01T00:00:00Z,2025,May,NA
Saint Kitts and Nevis,NA,2024-01-01T00:00:00Z,2024,Jan,118
Saint Kitts and Nevis,NA,2024-02-01T00:00:00Z,2024,Feb,19
Saint Kitts and Nevis,NA,2024-03-01T00:00:00Z,2024,Mar,13
Saint Kitts and Nevis,NA,2024-04-01T00:00:00Z,2024,Apr,3
Saint Kitts and Nevis,NA,2024-05-01T00:00:00Z,2024,May,22
Saint Kitts and Nevis,NA,2024-06-01T00:00:00Z,2024,Jun,23
Saint Kitts and Nevis,NA,2024-07-01T00:00:00Z,2024,Jul,4
Saint Kitts and Nevis,NA,2024-08-01T00:00:00Z,2024,Aug,4
Saint Kitts and Nevis,NA,2024-09-01T00:00:00Z,2024,Sep,14
Saint Kitts and Nevis,NA,2024-10-01T00:00:00Z,2024,Oct,21
Saint Kitts and Nevis,NA,2024-11-01T00:00:00Z,2024,Nov,8
Saint Kitts and Nevis,NA,2024-12-01T00:00:00Z,2024,Dec,4
Saint Kitts and Nevis,NA,2025-01-01T00:00:00Z,2025,Jan,NA
Saint Kitts and Nevis,NA,2025-02-01T00:00:00Z,2025,Feb,4
Saint Kitts and Nevis,NA,2025-03-01T00:00:00Z,2025,Mar,NA
Saint Kitts and Nevis,NA,2025-04-01T00:00:00Z,2025,Apr,NA
Saint Kitts and Nevis,NA,2025-05-01T00:00:00Z,2025,May,NA
Saint Kitts and Nevis,NA,2025-06-01T00:00:00Z,2025,Jun,NA
Saint Lucia,NA,2024-01-01T00:00:00Z,2024,Jan,NA
Saint Lucia,NA,2024-02-01T00:00:00Z,2024,Feb,4
Saint Lucia,NA,2024-03-01T00:00:00Z,2024,Mar,NA
Saint Lucia,NA,2024-04-01T00:00:00Z,2024,Apr,1
Saint Lucia,NA,2024-05-01T00:00:00Z,2024,May,2
Saint Lucia,NA,2024-06-01T00:00:00Z,2024,Jun,6
Saint Lucia,NA,2024-07-01T00:00:00Z,2024,Jul,9
Saint Lucia,NA,2024-08-01T00:00:00Z,2024,Aug,38
Saint Lucia,NA,2024-09-01T00:00:00Z,2024,Sep,217
Saint Lucia,NA,2024-10-01T00:00:00Z,2024,Oct,118
Saint Lucia,NA,2024-11-01T00:00:00Z,2024,Nov,14
Saint Lucia,NA,2024-12-01T00:00:00Z,2024,Dec,23
Saint Lucia,NA,2025-01-01T00:00:00Z,2025,Jan,8
Saint Lucia,NA,2025-02-01T00:00:00Z,2025,Feb,10
Saint Lucia,NA,2025-03-01T00:00:00Z,2025,Mar,6
Saint Lucia,NA,2025-04-01T00:00:00Z,2025,Apr,6
Saint Lucia,NA,2025-05-01T00:00:00Z,2025,May,1
Saint Lucia,NA,2025-06-01T00:00:00Z,2025,Jun,NA
Saint Martin (French part),NA,2024-01-01T00:00:00Z,2024,Jan,226
Saint Martin (French part),NA,2024-02-01T00:00:00Z,2024,Feb,169
Saint Martin (French part),NA,2024-03-01T00:00:00Z,2024,Mar,44
Saint Martin (French part),NA,2024-04-01T00:00:00Z,2024,Apr,30
Saint Martin (French part),NA,2024-05-01T00:00:00Z,2024,May,46
Saint Martin (French part),NA,2024-06-01T00:00:00Z,2024,Jun,40
Saint Martin (French part),NA,2024-07-01T00:00:00Z,2024,Jul,6
Saint Martin (French part),NA,2024-08-01T00:00:00Z,2024,Aug,NA
Saint Martin (French part),NA,2024-09-01T00:00:00Z,2024,Sep,6
Saint Martin (French part),NA,2024-10-01T00:00:00Z,2024,Oct,39
Saint Martin (French part),NA,2024-11-01T00:00:00Z,2024,Nov,10
Saint Martin (French part),NA,2024-12-01T00:00:00Z,2024,Dec,8
Saint Martin (French part),NA,2025-01-01T00:00:00Z,2025,Jan,53
Saint Martin (French part),NA,2025-02-01T00:00:00Z,2025,Feb,17
Saint Martin (French part),NA,2025-03-01T00:00:00Z,2025,Mar,18
Saint Martin (French part),NA,2025-04-01T00:00:00Z,2025,Apr,32
Saint Martin (French part),NA,2025-05-01T00:00:00Z,2025,May,24
Saint Vincent and the Grenadines,NA,2024-01-01T00:00:00Z,2024,Jan,NA
Saint Vincent and the Grenadines,NA,2024-02-01T00:00:00Z,2024,Feb,NA
Saint Vincent and the Grenadines,NA,2024-03-01T00:00:00Z,2024,Mar,NA
Saint Vincent and the Grenadines,NA,2024-04-01T00:00:00Z,2024,Apr,NA
Saint Vincent and the Grenadines,NA,2024-05-01T00:00:00Z,2024,May,9
Saint Vincent and the Grenadines,NA,2024-06-01T00:00:00Z,2024,Jun,7
Saint Vincent and the Grenadines,NA,2024-07-01T00:00:00Z,2024,Jul,30
Saint Vincent and the Grenadines,NA,2024-08-01T00:00:00Z,2024,Aug,27
Saint Vincent and the Grenadines,NA,2024-09-01T00:00:00Z,2024,Sep,846
Saint Vincent and the Grenadines,NA,2024-10-01T00:00:00Z,2024,Oct,46
Saint Vincent and the Grenadines,NA,2024-11-01T00:00:00Z,2024,Nov,NA
Saint Vincent and the Grenadines,NA,2024-12-01T00:00:00Z,2024,Dec,NA
Saint Vincent and the Grenadines,NA,2025-01-01T00:00:00Z,2025,Jan,NA
Saint Vincent and the Grenadines,NA,2025-02-01T00:00:00Z,2025,Feb,2
Saint Vincent and the Grenadines,NA,2025-03-01T00:00:00Z,2025,Mar,NA
Saint Vincent and the Grenadines,NA,2025-04-01T00:00:00Z,2025,Apr,1
Sint Maarten (Dutch part),NA,2024-01-01T00:00:00Z,2024,Jan,53
Sint Maarten (Dutch part),NA,2024-02-01T00:00:00Z,2024,Feb,33
Sint Maarten (Dutch part),NA,2024-03-01T00:00:00Z,2024,Mar,29
Sint Maarten (Dutch part),NA,2024-04-01T00:00:00Z,2024,Apr,NA
Sint Maarten (Dutch part),NA,2024-05-01T00:00:00Z,2024,May,NA
Sint Maarten (Dutch part),NA,2024-06-01T00:00:00Z,2024,Jun,NA
Sint Maarten (Dutch part),NA,2024-07-01T00:00:00Z,2024,Jul,NA
Sint Maarten (Dutch part),NA,2024-08-01T00:00:00Z,2024,Aug,NA
Sint Maarten (Dutch part),NA,2024-09-01T00:00:00Z,2024,Sep,4
Sint Maarten (Dutch part),NA,2024-10-01T00:00:00Z,2024,Oct,NA
Sint Maarten (Dutch part),NA,2024-11-01T00:00:00Z,2024,Nov,NA
Sint Maarten (Dutch part),NA,2024-12-01T00:00:00Z,2024,Dec,NA
Sint Maarten (Dutch part),NA,2025-01-01T00:00:00Z,2025,Jan,NA
Sint Maarten (Dutch part),NA,2025-02-01T00:00:00Z,2025,Feb,NA
Sint Maarten (Dutch part),NA,2025-03-01T00:00:00Z,2025,Mar,NA
Sint Maarten (Dutch part),NA,2025-04-01T00:00:00Z,2025,Apr,NA
Sint Maarten (Dutch part),NA,2025-05-01T00:00:00Z,2025,May,6
Suriname,NA,2024-01-01T00:00:00Z,2024,Jan,27
Suriname,NA,2024-02-01T00:00:00Z,2024,Feb,38
Suriname,NA,2024-03-01T00:00:00Z,2024,Mar,17
Suriname,NA,2024-04-01T00:00:00Z,2024,Apr,11
Suriname,NA,2024-05-01T00:00:00Z,2024,May,2
Trinidad and Tobago,NA,2024-01-01T00:00:00Z,2024,Jan,110
Trinidad and Tobago,NA,2024-02-01T00:00:00Z,2024,Feb,NA
Trinidad and Tobago,NA,2024-03-01T00:00:00Z,2024,Mar,NA
Trinidad and Tobago,NA,2024-04-01T00:00:00Z,2024,Apr,NA
Trinidad and Tobago,NA,2024-05-01T00:00:00Z,2024,May,NA
Trinidad and Tobago,NA,2024-06-01T00:00:00Z,2024,Jun,124
Trinidad and Tobago,NA,2024-07-01T00:00:00Z,2024,Jul,677
Trinidad and Tobago,NA,2024-08-01T00:00:00Z,2024,Aug,28
Trinidad and Tobago,NA,2024-09-01T00:00:00Z,2024,Sep,384
Trinidad and Tobago,NA,2024-10-01T00:00:00Z,2024,Oct,365
Trinidad and Tobago,NA,2024-11-01T00:00:00Z,2024,Nov,202
Trinidad and Tobago,NA,2024-12-01T00:00:00Z,2024,Dec,NA
Trinidad and Tobago,NA,2025-01-01T00:00:00Z,2025,Jan,NA
Trinidad and Tobago,NA,2025-02-01T00:00:00Z,2025,Feb,NA
Trinidad and Tobago,NA,2025-03-01T00:00:00Z,2025,Mar,NA
Trinidad and Tobago,NA,2025-04-01T00:00:00Z,2025,Apr,NA
Trinidad and Tobago,NA,2025-05-01T00:00:00Z,2025,May,4
Turks and Caicos Islands,NA,2024-01-01T00:00:00Z,2024,Jan,27
Turks and Caicos Islands,NA,2024-02-01T00:00:00Z,2024,Feb,NA
Turks and Caicos Islands,NA,2024-03-01T00:00:00Z,2024,Mar,NA
Turks and Caicos Islands,NA,2024-04-01T00:00:00Z,2024,Apr,NA
Turks and Caicos Islands,NA,2024-05-01T00:00:00Z,2024,May,NA
Turks and Caicos Islands,NA,2024-06-01T00:00:00Z,2024,Jun,NA
Turks and Caicos Islands,NA,2024-07-01T00:00:00Z,2024,Jul,8
Turks and Caicos Islands,NA,2024-08-01T00:00:00Z,2024,Aug,NA
Turks and Caicos Islands,NA,2024-09-01T00:00:00Z,2024,Sep,7
Turks and Caicos Islands,NA,2024-10-01T00:00:00Z,2024,Oct,NA
Turks and Caicos Islands,NA,2024-11-01T00:00:00Z,2024,Nov,NA
Turks and Caicos Islands,NA,2024-12-01T00:00:00Z,2024,Dec,NA
Turks and Caicos Islands,NA,2025-01-01T00:00:00Z,2025,Jan,NA
Turks and Caicos Islands,NA,2025-02-01T00:00:00Z,2025,Feb,NA
Turks and Caicos Islands,NA,2025-03-01T00:00:00Z,2025,Mar,NA
Turks and Caicos Islands,NA,2025-04-01T00:00:00Z,2025,Apr,NA
Turks and Caicos Islands,NA,2025-05-01T00:00:00Z,2025,May,1
United States,NA,2024-01-01T00:00:00Z,2024,Jan,49
United States,NA,2024-02-01T00:00:00Z,2024,Feb,144
United States,NA,2024-03-01T00:00:00Z,2024,Mar,116
United States,NA,2024-04-01T00:00:00Z,2024,Apr,240
United States,NA,2024-05-01T00:00:00Z,2024,May,130
United States,NA,2024-06-01T00:00:00Z,2024,Jun,136
United States,NA,2024-07-01T00:00:00Z,2024,Jul,259
United States,NA,2024-08-01T00:00:00Z,2024,Aug,357
United States,NA,2024-09-01T00:00:00Z,2024,Sep,653
United States,NA,2024-10-01T00:00:00Z,2024,Oct,352
United States,NA,2024-11-01T00:00:00Z,2024,Nov,314
United States,NA,2024-12-01T00:00:00Z,2024,Dec,321
United States,NA,2025-01-01T00:00:00Z,2025,Jan,78
United States,NA,2025-02-01T00:00:00Z,2025,Feb,65
United States,NA,2025-03-01T00:00:00Z,2025,Mar,71
United States,NA,2025-04-01T00:00:00Z,2025,Apr,62
United States,NA,2025-05-01T00:00:00Z,2025,May,46
United States,NA,2025-06-01T00:00:00Z,2025,Jun,17
United States Virgin Islands,NA,2024-01-01T00:00:00Z,2024,Jan,NA
United States Virgin Islands,NA,2024-02-01T00:00:00Z,2024,Feb,NA
United States Virgin Islands,NA,2024-03-01T00:00:00Z,2024,Mar,NA
United States Virgin Islands,NA,2024-04-01T00:00:00Z,2024,Apr,NA
United States Virgin Islands,NA,2024-05-01T00:00:00Z,2024,May,6
United States Virgin Islands,NA,2024-06-01T00:00:00Z,2024,Jun,8
United States Virgin Islands,NA,2024-07-01T00:00:00Z,2024,Jul,20
United States Virgin Islands,NA,2024-08-01T00:00:00Z,2024,Aug,60
United States Virgin Islands,NA,2024-09-01T00:00:00Z,2024,Sep,43
United States Virgin Islands,NA,2024-10-01T00:00:00Z,2024,Oct,18
United States Virgin Islands,NA,2024-11-01T00:00:00Z,2024,Nov,22
United States Virgin Islands,NA,2024-12-01T00:00:00Z,2024,Dec,8
United States Virgin Islands,NA,2025-01-01T00:00:00Z,2025,Jan,1
United States Virgin Islands,NA,2025-02-01T00:00:00Z,2025,Feb,32
United States Virgin Islands,NA,2025-03-01T00:00:00Z,2025,Mar,8
United States Virgin Islands,NA,2025-04-01T00:00:00Z,2025,Apr,NA
United States Virgin Islands,NA,2025-05-01T00:00:00Z,2025,May,4
United States Virgin Islands,NA,2025-06-01T00:00:00Z,2025,Jun,2
Uruguay,NA,2024-01-01T00:00:00Z,2024,Jan,NA
Uruguay,NA,2024-02-01T00:00:00Z,2024,Feb,NA
Uruguay,NA,2024-03-01T00:00:00Z,2024,Mar,113
Uruguay,NA,2024-04-01T00:00:00Z,2024,Apr,373
Uruguay,NA,2024-05-01T00:00:00Z,2024,May,215
Uruguay,NA,2024-06-01T00:00:00Z,2024,Jun,NA
Uruguay,NA,2024-07-01T00:00:00Z,2024,Jul,NA
Uruguay,NA,2024-08-01T00:00:00Z,2024,Aug,NA
Uruguay,NA,2024-09-01T00:00:00Z,2024,Sep,NA
Uruguay,NA,2024-10-01T00:00:00Z,2024,Oct,NA
Uruguay,NA,2024-11-01T00:00:00Z,2024,Nov,NA
Uruguay,NA,2024-12-01T00:00:00Z,2024,Dec,11
Uruguay,NA,2025-01-01T00:00:00Z,2025,Jan,NA
Uruguay,NA,2025-02-01T00:00:00Z,2025,Feb,NA
Uruguay,NA,2025-03-01T00:00:00Z,2025,Mar,1
Uruguay,NA,2025-04-01T00:00:00Z,2025,Apr,1
Uruguay,NA,2025-05-01T00:00:00Z,2025,May,4
Uruguay,NA,2025-06-01T00:00:00Z,2025,Jun,NA
India,NA,2024-01-01T00:00:00Z,2024,Jan,5079
India,NA,2024-02-01T00:00:00Z,2024,Feb,5429
India,NA,2024-03-01T00:00:00Z,2024,Mar,5597
India,NA,2024-04-01T00:00:00Z,2024,Apr,3342
India,NA,2024-05-01T00:00:00Z,2024,May,5145
India,NA,2024-06-01T00:00:00Z,2024,Jun,7499
India,NA,2024-07-01T00:00:00Z,2024,Jul,27675
India,NA,2024-08-01T00:00:00Z,2024,Aug,32388
India,NA,2024-09-01T00:00:00Z,2024,Sep,41375
India,NA,2024-10-01T00:00:00Z,2024,Oct,51183
India,NA,2024-11-01T00:00:00Z,2024,Nov,30354
India,NA,2024-12-01T00:00:00Z,2024,Dec,17359
India,NA,2025-01-01T00:00:00Z,2025,Jan,4700
India,NA,2025-02-01T00:00:00Z,2025,Feb,3806
India,NA,2025-03-01T00:00:00Z,2025,Mar,3517
India,NA,2025-04-01T00:00:00Z,2025,Apr,2700
India,NA,2025-05-01T00:00:00Z,2025,May,3766
India,NA,2025-06-01T00:00:00Z,2025,Jun,0
India,NA,2025-07-01T00:00:00Z,2025,Jul,0
India,NA,2025-08-01T00:00:00Z,2025,Aug,0
India,NA,2025-09-01T00:00:00Z,2025,Sep,0
India,NA,2025-10-01T00:00:00Z,2025,Oct,0
India,NA,2025-11-01T00:00:00Z,2025,Nov,0
India,NA,2025-12-01T00:00:00Z,2025,Dec,0
Maldives,NA,2024-01-01T00:00:00Z,2024,Jan,138
Maldives,NA,2024-02-01T00:00:00Z,2024,Feb,120
Maldives,NA,2024-03-01T00:00:00Z,2024,Mar,125
Maldives,NA,2024-04-01T00:00:00Z,2024,Apr,255
Maldives,NA,2024-05-01T00:00:00Z,2024,May,667
Maldives,NA,2024-06-01T00:00:00Z,2024,Jun,618
Maldives,NA,2024-07-01T00:00:00Z,2024,Jul,440
Maldives,NA,2024-08-01T00:00:00Z,2024,Aug,394
Maldives,NA,2024-09-01T00:00:00Z,2024,Sep,180
Maldives,NA,2024-10-01T00:00:00Z,2024,Oct,117
Maldives,NA,2024-11-01T00:00:00Z,2024,Nov,124
Maldives,NA,2024-12-01T00:00:00Z,2024,Dec,68
Maldives,NA,2025-01-01T00:00:00Z,2025,Jan,72
Maldives,NA,2025-02-01T00:00:00Z,2025,Feb,74
Maldives,NA,2025-03-01T00:00:00Z,2025,Mar,69
Maldives,NA,2025-04-01T00:00:00Z,2025,Apr,120
Maldives,NA,2025-05-01T00:00:00Z,2025,May,116
Maldives,NA,2025-06-01T00:00:00Z,2025,Jun,0
Maldives,NA,2025-07-01T00:00:00Z,2025,Jul,0
Maldives,NA,2025-08-01T00:00:00Z,2025,Aug,0
Maldives,NA,2025-09-01T00:00:00Z,2025,Sep,0
Maldives,NA,2025-10-01T00:00:00Z,2025,Oct,0
Maldives,NA,2025-11-01T00:00:00Z,2025,Nov,0
Maldives,NA,2025-12-01T00:00:00Z,2025,Dec,0
Myanmar,NA,2024-01-01T00:00:00Z,2024,Jan,208
Myanmar,NA,2024-02-01T00:00:00Z,2024,Feb,181
Myanmar,NA,2024-03-01T00:00:00Z,2024,Mar,176
Myanmar,NA,2024-04-01T00:00:00Z,2024,Apr,203
Myanmar,NA,2024-05-01T00:00:00Z,2024,May,311
Myanmar,NA,2024-06-01T00:00:00Z,2024,Jun,574
Myanmar,NA,2024-07-01T00:00:00Z,2024,Jul,1236
Myanmar,NA,2024-08-01T00:00:00Z,2024,Aug,1239
Myanmar,NA,2024-09-01T00:00:00Z,2024,Sep,933
Myanmar,NA,2024-10-01T00:00:00Z,2024,Oct,690
Myanmar,NA,2024-11-01T00:00:00Z,2024,Nov,380
Myanmar,NA,2024-12-01T00:00:00Z,2024,Dec,257
Myanmar,NA,2025-01-01T00:00:00Z,2025,Jan,172
Myanmar,NA,2025-02-01T00:00:00Z,2025,Feb,120
Myanmar,NA,2025-03-01T00:00:00Z,2025,Mar,167
Myanmar,NA,2025-04-01T00:00:00Z,2025,Apr,235
Myanmar,NA,2025-05-01T00:00:00Z,2025,May,699
Myanmar,NA,2025-06-01T00:00:00Z,2025,Jun,0
Myanmar,NA,2025-07-01T00:00:00Z,2025,Jul,0
Myanmar,NA,2025-08-01T00:00:00Z,2025,Aug,0
Myanmar,NA,2025-09-01T00:00:00Z,2025,Sep,0
Myanmar,NA,2025-10-01T00:00:00Z,2025,Oct,0
Myanmar,NA,2025-11-01T00:00:00Z,2025,Nov,0
Myanmar,NA,2025-12-01T00:00:00Z,2025,Dec,0
Nepal,NA,2024-01-01T00:00:00Z,2024,Jan,499
Nepal,NA,2024-02-01T00:00:00Z,2024,Feb,408
Nepal,NA,2024-03-01T00:00:00Z,2024,Mar,374
Nepal,NA,2024-04-01T00:00:00Z,2024,Apr,463
Nepal,NA,2024-05-01T00:00:00Z,2024,May,495
Nepal,NA,2024-06-01T00:00:00Z,2024,Jun,632
Nepal,NA,2024-07-01T00:00:00Z,2024,Jul,1906
Nepal,NA,2024-08-01T00:00:00Z,2024,Aug,6493
Nepal,NA,2024-09-01T00:00:00Z,2024,Sep,11875
Nepal,NA,2024-10-01T00:00:00Z,2024,Oct,12332
Nepal,NA,2024-11-01T00:00:00Z,2024,Nov,5544
Nepal,NA,2024-12-01T00:00:00Z,2024,Dec,844
Nepal,NA,2025-01-01T00:00:00Z,2025,Jan,251
Nepal,NA,2025-02-01T00:00:00Z,2025,Feb,245
Nepal,NA,2025-03-01T00:00:00Z,2025,Mar,241
Nepal,NA,2025-04-01T00:00:00Z,2025,Apr,201
Nepal,NA,2025-05-01T00:00:00Z,2025,May,277
Nepal,NA,2025-06-01T00:00:00Z,2025,Jun,0
Nepal,NA,2025-07-01T00:00:00Z,2025,Jul,0
Nepal,NA,2025-08-01T00:00:00Z,2025,Aug,0
Nepal,NA,2025-09-01T00:00:00Z,2025,Sep,0
Nepal,NA,2025-10-01T00:00:00Z,2025,Oct,0
Nepal,NA,2025-11-01T00:00:00Z,2025,Nov,0
Nepal,NA,2025-12-01T00:00:00Z,2025,Dec,0
Indonesia,NA,2024-01-01T00:00:00Z,2024,Jan,27268
Indonesia,NA,2024-02-01T00:00:00Z,2024,Feb,29411
Indonesia,NA,2024-03-01T00:00:00Z,2024,Mar,32292
Indonesia,NA,2024-04-01T00:00:00Z,2024,Apr,30123
Indonesia,NA,2024-05-01T00:00:00Z,2024,May,32020
Indonesia,NA,2024-06-01T00:00:00Z,2024,Jun,24098
Indonesia,NA,2024-07-01T00:00:00Z,2024,Jul,19265
Indonesia,NA,2024-08-01T00:00:00Z,2024,Aug,14563
Indonesia,NA,2024-09-01T00:00:00Z,2024,Sep,11074
Indonesia,NA,2024-10-01T00:00:00Z,2024,Oct,10970
Indonesia,NA,2024-11-01T00:00:00Z,2024,Nov,11975
Indonesia,NA,2024-12-01T00:00:00Z,2024,Dec,14212
Indonesia,NA,2025-01-01T00:00:00Z,2025,Jan,21417
Indonesia,NA,2025-02-01T00:00:00Z,2025,Feb,17160
Indonesia,NA,2025-03-01T00:00:00Z,2025,Mar,11795
Indonesia,NA,2025-04-01T00:00:00Z,2025,Apr,5750
Indonesia,NA,2025-05-01T00:00:00Z,2025,May,157
Indonesia,NA,2025-06-01T00:00:00Z,2025,Jun,0
Indonesia,NA,2025-07-01T00:00:00Z,2025,Jul,0
Indonesia,NA,2025-08-01T00:00:00Z,2025,Aug,0
Indonesia,NA,2025-09-01T00:00:00Z,2025,Sep,0
Indonesia,NA,2025-10-01T00:00:00Z,2025,Oct,0
Indonesia,NA,2025-11-01T00:00:00Z,2025,Nov,0
Indonesia,NA,2025-12-01T00:00:00Z,2025,Dec,0
Thailand,NA,2024-01-01T00:00:00Z,2024,Jan,11413
Thailand,NA,2024-02-01T00:00:00Z,2024,Feb,7123
Thailand,NA,2024-03-01T00:00:00Z,2024,Mar,5315
Thailand,NA,2024-04-01T00:00:00Z,2024,Apr,4327
Thailand,NA,2024-05-01T00:00:00Z,2024,May,4968
Thailand,NA,2024-06-01T00:00:00Z,2024,Jun,7992
Thailand,NA,2024-07-01T00:00:00Z,2024,Jul,15371
Thailand,NA,2024-08-01T00:00:00Z,2024,Aug,16119
Thailand,NA,2024-09-01T00:00:00Z,2024,Sep,11395
Thailand,NA,2024-10-01T00:00:00Z,2024,Oct,8359
Thailand,NA,2024-11-01T00:00:00Z,2024,Nov,7006
Thailand,NA,2024-12-01T00:00:00Z,2024,Dec,5293
Thailand,NA,2025-01-01T00:00:00Z,2025,Jan,4005
Thailand,NA,2025-02-01T00:00:00Z,2025,Feb,2269
Thailand,NA,2025-03-01T00:00:00Z,2025,Mar,2447
Thailand,NA,2025-04-01T00:00:00Z,2025,Apr,2271
Thailand,NA,2025-05-01T00:00:00Z,2025,May,4683
Thailand,NA,2025-06-01T00:00:00Z,2025,Jun,0
Thailand,NA,2025-07-01T00:00:00Z,2025,Jul,0
Thailand,NA,2025-08-01T00:00:00Z,2025,Aug,0
Thailand,NA,2025-09-01T00:00:00Z,2025,Sep,0
Thailand,NA,2025-10-01T00:00:00Z,2025,Oct,0
Thailand,NA,2025-11-01T00:00:00Z,2025,Nov,0
Thailand,NA,2025-12-01T00:00:00Z,2025,Dec,0
Sri Lanka,NA,2024-01-01T00:00:00Z,2024,Jan,10752
Sri Lanka,NA,2024-02-01T00:00:00Z,2024,Feb,6047
Sri Lanka,NA,2024-03-01T00:00:00Z,2024,Mar,3629
Sri Lanka,NA,2024-04-01T00:00:00Z,2024,Apr,2234
Sri Lanka,NA,2024-05-01T00:00:00Z,2024,May,2650
Sri Lanka,NA,2024-06-01T00:00:00Z,2024,Jun,3312
Sri Lanka,NA,2024-07-01T00:00:00Z,2024,Jul,4519
Sri Lanka,NA,2024-08-01T00:00:00Z,2024,Aug,3896
Sri Lanka,NA,2024-09-01T00:00:00Z,2024,Sep,2772
Sri Lanka,NA,2024-10-01T00:00:00Z,2024,Oct,2964
Sri Lanka,NA,2024-11-01T00:00:00Z,2024,Nov,3498
Sri Lanka,NA,2024-12-01T00:00:00Z,2024,Dec,3604
Sri Lanka,NA,2025-01-01T00:00:00Z,2025,Jan,4942
Sri Lanka,NA,2025-02-01T00:00:00Z,2025,Feb,3666
Sri Lanka,NA,2025-03-01T00:00:00Z,2025,Mar,3771
Sri Lanka,NA,2025-04-01T00:00:00Z,2025,Apr,5171
Sri Lanka,NA,2025-05-01T00:00:00Z,2025,May,0
Sri Lanka,NA,2025-06-01T00:00:00Z,2025,Jun,0
Sri Lanka,NA,2025-07-01T00:00:00Z,2025,Jul,0
Sri Lanka,NA,2025-08-01T00:00:00Z,2025,Aug,0
Sri Lanka,NA,2025-09-01T00:00:00Z,2025,Sep,0
Sri Lanka,NA,2025-10-01T00:00:00Z,2025,Oct,0
Sri Lanka,NA,2025-11-01T00:00:00Z,2025,Nov,0
Sri Lanka,NA,2025-12-01T00:00:00Z,2025,Dec,0
Timor-Leste,NA,2024-01-01T00:00:00Z,2024,Jan,189
Timor-Leste,NA,2024-02-01T00:00:00Z,2024,Feb,328
Timor-Leste,NA,2024-03-01T00:00:00Z,2024,Mar,347
Timor-Leste,NA,2024-04-01T00:00:00Z,2024,Apr,307
Timor-Leste,NA,2024-05-01T00:00:00Z,2024,May,101
Timor-Leste,NA,2024-06-01T00:00:00Z,2024,Jun,45
Timor-Leste,NA,2024-07-01T00:00:00Z,2024,Jul,30
Timor-Leste,NA,2024-08-01T00:00:00Z,2024,Aug,24
Timor-Leste,NA,2024-09-01T00:00:00Z,2024,Sep,28
Timor-Leste,NA,2024-10-01T00:00:00Z,2024,Oct,39
Timor-Leste,NA,2024-11-01T00:00:00Z,2024,Nov,12
Timor-Leste,NA,2024-12-01T00:00:00Z,2024,Dec,12
Timor-Leste,NA,2025-01-01T00:00:00Z,2025,Jan,129
Timor-Leste,NA,2025-02-01T00:00:00Z,2025,Feb,185
Timor-Leste,NA,2025-03-01T00:00:00Z,2025,Mar,188
Timor-Leste,NA,2025-04-01T00:00:00Z,2025,Apr,127
Timor-Leste,NA,2025-05-01T00:00:00Z,2025,May,102
Timor-Leste,NA,2025-06-01T00:00:00Z,2025,Jun,0
Timor-Leste,NA,2025-07-01T00:00:00Z,2025,Jul,0
Timor-Leste,NA,2025-08-01T00:00:00Z,2025,Aug,0
Timor-Leste,NA,2025-09-01T00:00:00Z,2025,Sep,0
Timor-Leste,NA,2025-10-01T00:00:00Z,2025,Oct,0
Timor-Leste,NA,2025-11-01T00:00:00Z,2025,Nov,0
Timor-Leste,NA,2025-12-01T00:00:00Z,2025,Dec,0
Bangladesh,NA,2024-01-01T00:00:00Z,2024,Jan,1055
Bangladesh,NA,2024-02-01T00:00:00Z,2024,Feb,339
Bangladesh,NA,2024-03-01T00:00:00Z,2024,Mar,311
Bangladesh,NA,2024-04-01T00:00:00Z,2024,Apr,504
Bangladesh,NA,2024-05-01T00:00:00Z,2024,May,644
Bangladesh,NA,2024-06-01T00:00:00Z,2024,Jun,798
Bangladesh,NA,2024-07-01T00:00:00Z,2024,Jul,2669
Bangladesh,NA,2024-08-01T00:00:00Z,2024,Aug,6521
Bangladesh,NA,2024-09-01T00:00:00Z,2024,Sep,18097
Bangladesh,NA,2024-10-01T00:00:00Z,2024,Oct,30879
Bangladesh,NA,2024-11-01T00:00:00Z,2024,Nov,29652
Bangladesh,NA,2024-12-01T00:00:00Z,2024,Dec,9745
Bangladesh,NA,2025-01-01T00:00:00Z,2025,Jan,1161
Bangladesh,NA,2025-02-01T00:00:00Z,2025,Feb,374
Bangladesh,NA,2025-03-01T00:00:00Z,2025,Mar,336
Bangladesh,NA,2025-04-01T00:00:00Z,2025,Apr,701
Bangladesh,NA,2025-05-01T00:00:00Z,2025,May,1773
Bangladesh,NA,2025-06-01T00:00:00Z,2025,Jun,0
Bangladesh,NA,2025-07-01T00:00:00Z,2025,Jul,0
Bangladesh,NA,2025-08-01T00:00:00Z,2025,Aug,0
Bangladesh,NA,2025-09-01T00:00:00Z,2025,Sep,0
Bangladesh,NA,2025-10-01T00:00:00Z,2025,Oct,0
Bangladesh,NA,2025-11-01T00:00:00Z,2025,Nov,0
Bangladesh,NA,2025-12-01T00:00:00Z,2025,Dec,0
Bhutan,NA,2024-01-01T00:00:00Z,2024,Jan,0
Bhutan,NA,2024-02-01T00:00:00Z,2024,Feb,0
Bhutan,NA,2024-03-01T00:00:00Z,2024,Mar,0
Bhutan,NA,2024-04-01T00:00:00Z,2024,Apr,0
Bhutan,NA,2024-05-01T00:00:00Z,2024,May,0
Bhutan,NA,2024-06-01T00:00:00Z,2024,Jun,0
Bhutan,NA,2024-07-01T00:00:00Z,2024,Jul,2
Bhutan,NA,2024-08-01T00:00:00Z,2024,Aug,4
Bhutan,NA,2024-09-01T00:00:00Z,2024,Sep,1
Bhutan,NA,2024-10-01T00:00:00Z,2024,Oct,3
Bhutan,NA,2024-11-01T00:00:00Z,2024,Nov,4
Bhutan,NA,2024-12-01T00:00:00Z,2024,Dec,3
Bhutan,NA,2025-01-01T00:00:00Z,2025,Jan,2
Bhutan,NA,2025-02-01T00:00:00Z,2025,Feb,0
Bhutan,NA,2025-03-01T00:00:00Z,2025,Mar,1
Bhutan,NA,2025-04-01T00:00:00Z,2025,Apr,0
Bhutan,NA,2025-05-01T00:00:00Z,2025,May,1
Bhutan,NA,2025-06-01T00:00:00Z,2025,Jun,0
Bhutan,NA,2025-07-01T00:00:00Z,2025,Jul,0
Bhutan,NA,2025-08-01T00:00:00Z,2025,Aug,0
Bhutan,NA,2025-09-01T00:00:00Z,2025,Sep,0
Bhutan,NA,2025-10-01T00:00:00Z,2025,Oct,0
Bhutan,NA,2025-11-01T00:00:00Z,2025,Nov,0
Bhutan,NA,2025-12-01T00:00:00Z,2025,Dec,0
