country,iso3,date,Year,Month,cases
Anguilla,NA,2024-01-01T00:00:00Z,2024,1,NA
Anguilla,NA,2024-02-01T00:00:00Z,2024,2,NA
Anguilla,NA,2024-03-01T00:00:00Z,2024,3,NA
Anguilla,NA,2024-04-01T00:00:00Z,2024,4,NA
Anguilla,NA,2024-05-01T00:00:00Z,2024,5,NA
Anguilla,NA,2024-06-01T00:00:00Z,2024,6,NA
Anguilla,NA,2024-07-01T00:00:00Z,2024,7,NA
Anguilla,NA,2024-08-01T00:00:00Z,2024,8,NA
Anguilla,NA,2024-09-01T00:00:00Z,2024,9,NA
Anguilla,NA,2024-10-01T00:00:00Z,2024,10,NA
Anguilla,NA,2024-11-01T00:00:00Z,2024,11,NA
Anguilla,NA,2024-12-01T00:00:00Z,2024,12,NA
Anguilla,NA,2025-01-01T00:00:00Z,2025,1,NA
Anguilla,NA,2025-02-01T00:00:00Z,2025,2,NA
Anguilla,NA,2025-03-01T00:00:00Z,2025,3,1
Anguilla,NA,2025-04-01T00:00:00Z,2025,4,NA
Anguilla,NA,2025-05-01T00:00:00Z,2025,5,NA
Antigua and Barbuda,NA,2024-01-01T00:00:00Z,2024,1,41
Antigua and Barbuda,NA,2024-02-01T00:00:00Z,2024,2,NA
Antigua and Barbuda,NA,2024-03-01T00:00:00Z,2024,3,NA
Antigua and Barbuda,NA,2024-04-01T00:00:00Z,2024,4,74
Antigua and Barbuda,NA,2024-05-01T00:00:00Z,2024,5,8
Antigua and Barbuda,NA,2024-06-01T00:00:00Z,2024,6,NA
Antigua and Barbuda,NA,2024-07-01T00:00:00Z,2024,7,NA
Antigua and Barbuda,NA,2024-08-01T00:00:00Z,2024,8,NA
Antigua and Barbuda,NA,2024-09-01T00:00:00Z,2024,9,12
Antigua and Barbuda,NA,2024-10-01T00:00:00Z,2024,10,NA
Antigua and Barbuda,NA,2024-11-01T00:00:00Z,2024,11,NA
Antigua and Barbuda,NA,2024-12-01T00:00:00Z,2024,12,NA
Antigua and Barbuda,NA,2025-01-01T00:00:00Z,2025,1,NA
Antigua and Barbuda,NA,2025-02-01T00:00:00Z,2025,2,NA
Antigua and Barbuda,NA,2025-03-01T00:00:00Z,2025,3,2
Antigua and Barbuda,NA,2025-04-01T00:00:00Z,2025,4,1
Antigua and Barbuda,NA,2025-05-01T00:00:00Z,2025,5,NA
Argentina,NA,2024-01-01T00:00:00Z,2024,1,32998
Argentina,NA,2024-02-01T00:00:00Z,2024,2,80049
Argentina,NA,2024-03-01T00:00:00Z,2024,3,229735
Argentina,NA,2024-04-01T00:00:00Z,2024,4,219578
Argentina,NA,2024-05-01T00:00:00Z,2024,5,18003
Argentina,NA,2024-06-01T00:00:00Z,2024,6,876
Argentina,NA,2024-07-01T00:00:00Z,2024,7,40
Argentina,NA,2024-08-01T00:00:00Z,2024,8,31
Argentina,NA,2024-09-01T00:00:00Z,2024,9,31
Argentina,NA,2024-10-01T00:00:00Z,2024,10,52
Argentina,NA,2024-11-01T00:00:00Z,2024,11,84
Argentina,NA,2024-12-01T00:00:00Z,2024,12,82
Argentina,NA,2025-01-01T00:00:00Z,2025,1,261
Argentina,NA,2025-02-01T00:00:00Z,2025,2,1690
Argentina,NA,2025-03-01T00:00:00Z,2025,3,9505
Argentina,NA,2025-04-01T00:00:00Z,2025,4,6212
Argentina,NA,2025-05-01T00:00:00Z,2025,5,4749
Argentina,NA,2025-06-01T00:00:00Z,2025,6,28
Aruba,NA,2024-01-01T00:00:00Z,2024,1,3
Aruba,NA,2024-02-01T00:00:00Z,2024,2,6
Aruba,NA,2024-03-01T00:00:00Z,2024,3,7
Aruba,NA,2024-04-01T00:00:00Z,2024,4,NA
Aruba,NA,2024-05-01T00:00:00Z,2024,5,NA
Aruba,NA,2024-06-01T00:00:00Z,2024,6,NA
Aruba,NA,2024-07-01T00:00:00Z,2024,7,NA
Aruba,NA,2024-08-01T00:00:00Z,2024,8,NA
Aruba,NA,2024-09-01T00:00:00Z,2024,9,3
Aruba,NA,2024-10-01T00:00:00Z,2024,10,4
Aruba,NA,2024-11-01T00:00:00Z,2024,11,NA
Aruba,NA,2024-12-01T00:00:00Z,2024,12,NA
Aruba,NA,2025-01-01T00:00:00Z,2025,1,NA
Aruba,NA,2025-02-01T00:00:00Z,2025,2,2
Aruba,NA,2025-03-01T00:00:00Z,2025,3,NA
Aruba,NA,2025-04-01T00:00:00Z,2025,4,2
Aruba,NA,2025-05-01T00:00:00Z,2025,5,2
Bahamas,NA,2024-01-01T00:00:00Z,2024,1,NA
Bahamas,NA,2024-02-01T00:00:00Z,2024,2,NA
Barbados,NA,2024-01-01T00:00:00Z,2024,1,373
Barbados,NA,2024-02-01T00:00:00Z,2024,2,386
Barbados,NA,2024-03-01T00:00:00Z,2024,3,214
Barbados,NA,2024-04-01T00:00:00Z,2024,4,51
Barbados,NA,2024-05-01T00:00:00Z,2024,5,15
Barbados,NA,2024-06-01T00:00:00Z,2024,6,5
Barbados,NA,2024-07-01T00:00:00Z,2024,7,11
Barbados,NA,2024-08-01T00:00:00Z,2024,8,19
Barbados,NA,2024-09-01T00:00:00Z,2024,9,15
Barbados,NA,2024-10-01T00:00:00Z,2024,10,17
Barbados,NA,2024-11-01T00:00:00Z,2024,11,11
Barbados,NA,2024-12-01T00:00:00Z,2024,12,1286
Barbados,NA,2025-01-01T00:00:00Z,2025,1,78
Barbados,NA,2025-02-01T00:00:00Z,2025,2,16
Barbados,NA,2025-03-01T00:00:00Z,2025,3,11
Barbados,NA,2025-04-01T00:00:00Z,2025,4,16
Barbados,NA,2025-05-01T00:00:00Z,2025,5,8
Barbados,NA,2025-06-01T00:00:00Z,2025,6,1
Belize,NA,2024-01-01T00:00:00Z,2024,1,73
Belize,NA,2024-02-01T00:00:00Z,2024,2,72
Belize,NA,2024-03-01T00:00:00Z,2024,3,39
Belize,NA,2024-04-01T00:00:00Z,2024,4,53
Belize,NA,2024-05-01T00:00:00Z,2024,5,66
Belize,NA,2024-06-01T00:00:00Z,2024,6,71
Belize,NA,2024-07-01T00:00:00Z,2024,7,147
Belize,NA,2024-08-01T00:00:00Z,2024,8,315
Belize,NA,2024-09-01T00:00:00Z,2024,9,180
Belize,NA,2024-10-01T00:00:00Z,2024,10,78
Belize,NA,2024-11-01T00:00:00Z,2024,11,54
Belize,NA,2024-12-01T00:00:00Z,2024,12,NA
Belize,NA,2025-01-01T00:00:00Z,2025,1,54
Belize,NA,2025-02-01T00:00:00Z,2025,2,55
Belize,NA,2025-03-01T00:00:00Z,2025,3,90
Belize,NA,2025-04-01T00:00:00Z,2025,4,47
Bermuda,NA,2024-01-01T00:00:00Z,2024,1,NA
Bermuda,NA,2024-02-01T00:00:00Z,2024,2,NA
Bermuda,NA,2024-03-01T00:00:00Z,2024,3,NA
Bermuda,NA,2024-04-01T00:00:00Z,2024,4,NA
Bermuda,NA,2024-05-01T00:00:00Z,2024,5,NA
Bermuda,NA,2024-06-01T00:00:00Z,2024,6,NA
Bermuda,NA,2024-07-01T00:00:00Z,2024,7,NA
Bermuda,NA,2024-08-01T00:00:00Z,2024,8,1
Bermuda,NA,2024-09-01T00:00:00Z,2024,9,NA
Bermuda,NA,2024-10-01T00:00:00Z,2024,10,NA
Bermuda,NA,2024-11-01T00:00:00Z,2024,11,NA
Bermuda,NA,2024-12-01T00:00:00Z,2024,12,NA
Bermuda,NA,2025-01-01T00:00:00Z,2025,1,NA
Bermuda,NA,2025-02-01T00:00:00Z,2025,2,NA
Bermuda,NA,2025-03-01T00:00:00Z,2025,3,NA
Bermuda,NA,2025-04-01T00:00:00Z,2025,4,NA
Bermuda,NA,2025-05-01T00:00:00Z,2025,5,NA
Bolivia,NA,2024-01-01T00:00:00Z,2024,1,7720
Bolivia,NA,2024-02-01T00:00:00Z,2024,2,5811
Bolivia,NA,2024-03-01T00:00:00Z,2024,3,9096
Bolivia,NA,2024-04-01T00:00:00Z,2024,4,11015
Bolivia,NA,2024-05-01T00:00:00Z,2024,5,5513
Bolivia,NA,2024-06-01T00:00:00Z,2024,6,1909
Bolivia,NA,2024-07-01T00:00:00Z,2024,7,886
Bolivia,NA,2024-08-01T00:00:00Z,2024,8,802
Bolivia,NA,2024-09-01T00:00:00Z,2024,9,1338
Bolivia,NA,2024-10-01T00:00:00Z,2024,10,1415
Bolivia,NA,2024-11-01T00:00:00Z,2024,11,2085
Bolivia,NA,2024-12-01T00:00:00Z,2024,12,2854
Bolivia,NA,2025-01-01T00:00:00Z,2025,1,4154
Bolivia,NA,2025-02-01T00:00:00Z,2025,2,3395
Bolivia,NA,2025-03-01T00:00:00Z,2025,3,5792
Bolivia,NA,2025-04-01T00:00:00Z,2025,4,4273
Bolivia,NA,2025-05-01T00:00:00Z,2025,5,3460
"Bonaire, Sint Eustatius and Saba",NA,2024-01-01T00:00:00Z,2024,1,89
"Bonaire, Sint Eustatius and Saba",NA,2024-02-01T00:00:00Z,2024,2,63
"Bonaire, Sint Eustatius and Saba",NA,2024-03-01T00:00:00Z,2024,3,55
Brazil,NA,2024-01-01T00:00:00Z,2024,1,780294
Brazil,NA,2024-02-01T00:00:00Z,2024,2,1717471
Brazil,NA,2024-03-01T00:00:00Z,2024,3,2294462
Brazil,NA,2024-04-01T00:00:00Z,2024,4,2730187
Brazil,NA,2024-05-01T00:00:00Z,2024,5,1393612
Brazil,NA,2024-06-01T00:00:00Z,2024,6,508183
Brazil,NA,2024-07-01T00:00:00Z,2024,7,224816
Brazil,NA,2024-08-01T00:00:00Z,2024,8,112171
Brazil,NA,2024-09-01T00:00:00Z,2024,9,132175
Brazil,NA,2024-10-01T00:00:00Z,2024,10,102456
Brazil,NA,2024-11-01T00:00:00Z,2024,11,130569
Brazil,NA,2024-12-01T00:00:00Z,2024,12,172024
Brazil,NA,2025-01-01T00:00:00Z,2025,1,456645
Brazil,NA,2025-02-01T00:00:00Z,2025,2,562993
Brazil,NA,2025-03-01T00:00:00Z,2025,3,855828
Brazil,NA,2025-04-01T00:00:00Z,2025,4,608346
Brazil,NA,2025-05-01T00:00:00Z,2025,5,555051
Brazil,NA,2025-06-01T00:00:00Z,2025,6,196835
British Virgin Islands,NA,2024-01-01T00:00:00Z,2024,1,NA
British Virgin Islands,NA,2024-02-01T00:00:00Z,2024,2,NA
British Virgin Islands,NA,2024-03-01T00:00:00Z,2024,3,NA
British Virgin Islands,NA,2024-04-01T00:00:00Z,2024,4,NA
British Virgin Islands,NA,2024-05-01T00:00:00Z,2024,5,NA
British Virgin Islands,NA,2024-06-01T00:00:00Z,2024,6,NA
British Virgin Islands,NA,2024-07-01T00:00:00Z,2024,7,12
British Virgin Islands,NA,2024-08-01T00:00:00Z,2024,8,9
British Virgin Islands,NA,2024-09-01T00:00:00Z,2024,9,49
British Virgin Islands,NA,2024-10-01T00:00:00Z,2024,10,8
British Virgin Islands,NA,2024-11-01T00:00:00Z,2024,11,52
British Virgin Islands,NA,2024-12-01T00:00:00Z,2024,12,NA
British Virgin Islands,NA,2025-01-01T00:00:00Z,2025,1,11
British Virgin Islands,NA,2025-02-01T00:00:00Z,2025,2,4
British Virgin Islands,NA,2025-03-01T00:00:00Z,2025,3,6
British Virgin Islands,NA,2025-04-01T00:00:00Z,2025,4,4
British Virgin Islands,NA,2025-05-01T00:00:00Z,2025,5,1
Canada,NA,2024-01-01T00:00:00Z,2024,1,NA
Canada,NA,2024-02-01T00:00:00Z,2024,2,NA
Canada,NA,2024-03-01T00:00:00Z,2024,3,NA
Canada,NA,2024-04-01T00:00:00Z,2024,4,NA
Canada,NA,2024-05-01T00:00:00Z,2024,5,NA
Canada,NA,2024-06-01T00:00:00Z,2024,6,NA
Canada,NA,2024-07-01T00:00:00Z,2024,7,NA
Canada,NA,2024-08-01T00:00:00Z,2024,8,NA
Canada,NA,2024-09-01T00:00:00Z,2024,9,NA
Canada,NA,2024-10-01T00:00:00Z,2024,10,NA
Canada,NA,2024-11-01T00:00:00Z,2024,11,NA
Canada,NA,2024-12-01T00:00:00Z,2024,12,NA
Canada,NA,2025-01-01T00:00:00Z,2025,1,NA
Canada,NA,2025-02-01T00:00:00Z,2025,2,NA
Canada,NA,2025-03-01T00:00:00Z,2025,3,NA
Canada,NA,2025-04-01T00:00:00Z,2025,4,NA
Canada,NA,2025-05-01T00:00:00Z,2025,5,NA
Canada,NA,2025-06-01T00:00:00Z,2025,6,NA
Cayman Islands,NA,2024-01-01T00:00:00Z,2024,1,NA
Cayman Islands,NA,2024-02-01T00:00:00Z,2024,2,3
Cayman Islands,NA,2024-03-01T00:00:00Z,2024,3,NA
Cayman Islands,NA,2024-04-01T00:00:00Z,2024,4,NA
Cayman Islands,NA,2024-05-01T00:00:00Z,2024,5,NA
Cayman Islands,NA,2024-06-01T00:00:00Z,2024,6,NA
Cayman Islands,NA,2024-07-01T00:00:00Z,2024,7,2
Cayman Islands,NA,2024-08-01T00:00:00Z,2024,8,NA
Cayman Islands,NA,2024-09-01T00:00:00Z,2024,9,3
Cayman Islands,NA,2024-10-01T00:00:00Z,2024,10,NA
Cayman Islands,NA,2024-11-01T00:00:00Z,2024,11,NA
Cayman Islands,NA,2024-12-01T00:00:00Z,2024,12,NA
Cayman Islands,NA,2025-01-01T00:00:00Z,2025,1,NA
Cayman Islands,NA,2025-02-01T00:00:00Z,2025,2,NA
Cayman Islands,NA,2025-03-01T00:00:00Z,2025,3,NA
Cayman Islands,NA,2025-04-01T00:00:00Z,2025,4,NA
Chile,NA,2024-01-01T00:00:00Z,2024,1,NA
Chile,NA,2024-02-01T00:00:00Z,2024,2,NA
Chile,NA,2024-03-01T00:00:00Z,2024,3,37
Chile,NA,2024-04-01T00:00:00Z,2024,4,95
Chile,NA,2024-05-01T00:00:00Z,2024,5,19
Chile,NA,2024-06-01T00:00:00Z,2024,6,6
Chile,NA,2024-07-01T00:00:00Z,2024,7,NA
Chile,NA,2024-08-01T00:00:00Z,2024,8,NA
Chile,NA,2024-09-01T00:00:00Z,2024,9,NA
Chile,NA,2024-10-01T00:00:00Z,2024,10,NA
Chile,NA,2024-11-01T00:00:00Z,2024,11,NA
Chile,NA,2024-12-01T00:00:00Z,2024,12,NA
Chile,NA,2025-01-01T00:00:00Z,2025,1,NA
Chile,NA,2025-02-01T00:00:00Z,2025,2,NA
Chile,NA,2025-03-01T00:00:00Z,2025,3,NA
Chile,NA,2025-04-01T00:00:00Z,2025,4,NA
Chile,NA,2025-05-01T00:00:00Z,2025,5,NA
Chile,NA,2025-06-01T00:00:00Z,2025,6,NA
Colombia,NA,2024-01-01T00:00:00Z,2024,1,27649
Colombia,NA,2024-02-01T00:00:00Z,2024,2,27691
Colombia,NA,2024-03-01T00:00:00Z,2024,3,27938
Colombia,NA,2024-04-01T00:00:00Z,2024,4,45603
Colombia,NA,2024-05-01T00:00:00Z,2024,5,37453
Colombia,NA,2024-06-01T00:00:00Z,2024,6,35350
Colombia,NA,2024-07-01T00:00:00Z,2024,7,35951
Colombia,NA,2024-08-01T00:00:00Z,2024,8,20510
Colombia,NA,2024-09-01T00:00:00Z,2024,9,20870
Colombia,NA,2024-10-01T00:00:00Z,2024,10,14547
Colombia,NA,2024-11-01T00:00:00Z,2024,11,14580
Colombia,NA,2024-12-01T00:00:00Z,2024,12,12840
Colombia,NA,2025-01-01T00:00:00Z,2025,1,19794
Colombia,NA,2025-02-01T00:00:00Z,2025,2,14705
Colombia,NA,2025-03-01T00:00:00Z,2025,3,16984
Colombia,NA,2025-04-01T00:00:00Z,2025,4,13301
Colombia,NA,2025-05-01T00:00:00Z,2025,5,11614
Colombia,NA,2025-06-01T00:00:00Z,2025,6,5684
Costa Rica,NA,2024-01-01T00:00:00Z,2024,1,3492
Costa Rica,NA,2024-02-01T00:00:00Z,2024,2,1634
Costa Rica,NA,2024-03-01T00:00:00Z,2024,3,961
Costa Rica,NA,2024-04-01T00:00:00Z,2024,4,1116
Costa Rica,NA,2024-05-01T00:00:00Z,2024,5,1422
Costa Rica,NA,2024-06-01T00:00:00Z,2024,6,2813
Costa Rica,NA,2024-07-01T00:00:00Z,2024,7,4683
Costa Rica,NA,2024-08-01T00:00:00Z,2024,8,4533
Costa Rica,NA,2024-09-01T00:00:00Z,2024,9,5176
Costa Rica,NA,2024-10-01T00:00:00Z,2024,10,2741
Costa Rica,NA,2024-11-01T00:00:00Z,2024,11,1714
Costa Rica,NA,2024-12-01T00:00:00Z,2024,12,872
Costa Rica,NA,2025-01-01T00:00:00Z,2025,1,631
Costa Rica,NA,2025-02-01T00:00:00Z,2025,2,402
Costa Rica,NA,2025-03-01T00:00:00Z,2025,3,571
Costa Rica,NA,2025-04-01T00:00:00Z,2025,4,544
Costa Rica,NA,2025-05-01T00:00:00Z,2025,5,1289
Cuba,NA,2024-07-01T00:00:00Z,2024,7,NA
Curaçao,NA,2024-01-01T00:00:00Z,2024,1,40
Curaçao,NA,2024-02-01T00:00:00Z,2024,2,94
Curaçao,NA,2024-03-01T00:00:00Z,2024,3,128
Dominican Republic,NA,2024-01-01T00:00:00Z,2024,1,3821
Dominican Republic,NA,2024-02-01T00:00:00Z,2024,2,1231
Dominican Republic,NA,2024-03-01T00:00:00Z,2024,3,1046
Dominican Republic,NA,2024-04-01T00:00:00Z,2024,4,918
Dominican Republic,NA,2024-05-01T00:00:00Z,2024,5,558
Dominican Republic,NA,2024-06-01T00:00:00Z,2024,6,738
Dominican Republic,NA,2024-07-01T00:00:00Z,2024,7,547
Dominican Republic,NA,2024-08-01T00:00:00Z,2024,8,380
Dominican Republic,NA,2024-09-01T00:00:00Z,2024,9,386
Dominican Republic,NA,2024-10-01T00:00:00Z,2024,10,269
Dominican Republic,NA,2024-11-01T00:00:00Z,2024,11,207
Dominican Republic,NA,2024-12-01T00:00:00Z,2024,12,199
Dominican Republic,NA,2025-01-01T00:00:00Z,2025,1,201
Dominican Republic,NA,2025-02-01T00:00:00Z,2025,2,166
Dominican Republic,NA,2025-03-01T00:00:00Z,2025,3,239
Dominican Republic,NA,2025-04-01T00:00:00Z,2025,4,129
Dominican Republic,NA,2025-05-01T00:00:00Z,2025,5,280
Ecuador,NA,2024-01-01T00:00:00Z,2024,1,3833
Ecuador,NA,2024-02-01T00:00:00Z,2024,2,5609
Ecuador,NA,2024-03-01T00:00:00Z,2024,3,7601
Ecuador,NA,2024-04-01T00:00:00Z,2024,4,10020
Ecuador,NA,2024-05-01T00:00:00Z,2024,5,8126
Ecuador,NA,2024-06-01T00:00:00Z,2024,6,6188
Ecuador,NA,2024-07-01T00:00:00Z,2024,7,5932
Ecuador,NA,2024-08-01T00:00:00Z,2024,8,3099
Ecuador,NA,2024-09-01T00:00:00Z,2024,9,2938
Ecuador,NA,2024-10-01T00:00:00Z,2024,10,2347
Ecuador,NA,2024-11-01T00:00:00Z,2024,11,2605
Ecuador,NA,2024-12-01T00:00:00Z,2024,12,2934
Ecuador,NA,2025-01-01T00:00:00Z,2025,1,4492
Ecuador,NA,2025-02-01T00:00:00Z,2025,2,4091
Ecuador,NA,2025-03-01T00:00:00Z,2025,3,5731
Ecuador,NA,2025-04-01T00:00:00Z,2025,4,5060
Ecuador,NA,2025-05-01T00:00:00Z,2025,5,6060
Ecuador,NA,2025-06-01T00:00:00Z,2025,6,1672
El Salvador,NA,2024-01-01T00:00:00Z,2024,1,491
El Salvador,NA,2024-02-01T00:00:00Z,2024,2,481
El Salvador,NA,2024-03-01T00:00:00Z,2024,3,479
El Salvador,NA,2024-04-01T00:00:00Z,2024,4,605
El Salvador,NA,2024-05-01T00:00:00Z,2024,5,622
El Salvador,NA,2024-06-01T00:00:00Z,2024,6,785
El Salvador,NA,2024-07-01T00:00:00Z,2024,7,1268
El Salvador,NA,2024-08-01T00:00:00Z,2024,8,1059
El Salvador,NA,2024-09-01T00:00:00Z,2024,9,1089
El Salvador,NA,2024-10-01T00:00:00Z,2024,10,708
El Salvador,NA,2024-11-01T00:00:00Z,2024,11,562
El Salvador,NA,2024-12-01T00:00:00Z,2024,12,403
El Salvador,NA,2025-01-01T00:00:00Z,2025,1,411
El Salvador,NA,2025-02-01T00:00:00Z,2025,2,358
El Salvador,NA,2025-03-01T00:00:00Z,2025,3,492
El Salvador,NA,2025-04-01T00:00:00Z,2025,4,379
El Salvador,NA,2025-05-01T00:00:00Z,2025,5,436
French Guiana,NA,2024-01-01T00:00:00Z,2024,1,3672
French Guiana,NA,2024-02-01T00:00:00Z,2024,2,3993
French Guiana,NA,2024-03-01T00:00:00Z,2024,3,3867
French Guiana,NA,2024-04-01T00:00:00Z,2024,4,1794
French Guiana,NA,2024-05-01T00:00:00Z,2024,5,1334
French Guiana,NA,2024-06-01T00:00:00Z,2024,6,817
French Guiana,NA,2024-07-01T00:00:00Z,2024,7,587
French Guiana,NA,2024-08-01T00:00:00Z,2024,8,77
French Guiana,NA,2024-09-01T00:00:00Z,2024,9,NA
French Guiana,NA,2024-10-01T00:00:00Z,2024,10,NA
French Guiana,NA,2024-11-01T00:00:00Z,2024,11,NA
French Guiana,NA,2024-12-01T00:00:00Z,2024,12,NA
French Guiana,NA,2025-01-01T00:00:00Z,2025,1,NA
French Guiana,NA,2025-02-01T00:00:00Z,2025,2,NA
French Guiana,NA,2025-03-01T00:00:00Z,2025,3,NA
French Guiana,NA,2025-04-01T00:00:00Z,2025,4,NA
French Guiana,NA,2025-05-01T00:00:00Z,2025,5,33
French Guiana,NA,2025-06-01T00:00:00Z,2025,6,NA
Grenada,NA,2024-01-01T00:00:00Z,2024,1,47
Grenada,NA,2024-02-01T00:00:00Z,2024,2,37
Grenada,NA,2024-03-01T00:00:00Z,2024,3,24
Grenada,NA,2024-04-01T00:00:00Z,2024,4,30
Grenada,NA,2024-05-01T00:00:00Z,2024,5,26
Grenada,NA,2024-06-01T00:00:00Z,2024,6,53
Grenada,NA,2024-07-01T00:00:00Z,2024,7,64
Grenada,NA,2024-08-01T00:00:00Z,2024,8,165
Grenada,NA,2024-09-01T00:00:00Z,2024,9,244
Grenada,NA,2024-10-01T00:00:00Z,2024,10,65
Grenada,NA,2024-11-01T00:00:00Z,2024,11,29
Grenada,NA,2024-12-01T00:00:00Z,2024,12,14
Grenada,NA,2025-01-01T00:00:00Z,2025,1,16
Grenada,NA,2025-02-01T00:00:00Z,2025,2,19
Grenada,NA,2025-03-01T00:00:00Z,2025,3,8
Guadeloupe,NA,2024-01-01T00:00:00Z,2024,1,1445
Guadeloupe,NA,2024-02-01T00:00:00Z,2024,2,715
Guadeloupe,NA,2024-03-01T00:00:00Z,2024,3,800
Guadeloupe,NA,2024-04-01T00:00:00Z,2024,4,435
Guadeloupe,NA,2024-05-01T00:00:00Z,2024,5,290
Guadeloupe,NA,2024-06-01T00:00:00Z,2024,6,365
Guadeloupe,NA,2024-07-01T00:00:00Z,2024,7,185
Guadeloupe,NA,2024-08-01T00:00:00Z,2024,8,NA
Guadeloupe,NA,2024-09-01T00:00:00Z,2024,9,1380
Guadeloupe,NA,2024-10-01T00:00:00Z,2024,10,2040
Guadeloupe,NA,2024-11-01T00:00:00Z,2024,11,2410
Guadeloupe,NA,2024-12-01T00:00:00Z,2024,12,960
Guadeloupe,NA,2025-01-01T00:00:00Z,2025,1,2220
Guadeloupe,NA,2025-02-01T00:00:00Z,2025,2,970
Guadeloupe,NA,2025-03-01T00:00:00Z,2025,3,970
Guadeloupe,NA,2025-04-01T00:00:00Z,2025,4,NA
Guadeloupe,NA,2025-05-01T00:00:00Z,2025,5,110
Guatemala,NA,2024-01-01T00:00:00Z,2024,1,7911
Guatemala,NA,2024-02-01T00:00:00Z,2024,2,4495
Guatemala,NA,2024-03-01T00:00:00Z,2024,3,4188
Guatemala,NA,2024-04-01T00:00:00Z,2024,4,7774
Guatemala,NA,2024-05-01T00:00:00Z,2024,5,11795
Guatemala,NA,2024-06-01T00:00:00Z,2024,6,20448
Guatemala,NA,2024-07-01T00:00:00Z,2024,7,31234
Guatemala,NA,2024-08-01T00:00:00Z,2024,8,27529
Guatemala,NA,2024-09-01T00:00:00Z,2024,9,35365
Guatemala,NA,2024-10-01T00:00:00Z,2024,10,21376
Guatemala,NA,2024-11-01T00:00:00Z,2024,11,12086
Guatemala,NA,2024-12-01T00:00:00Z,2024,12,5377
Guatemala,NA,2025-01-01T00:00:00Z,2025,1,4371
Guatemala,NA,2025-02-01T00:00:00Z,2025,2,3527
Guatemala,NA,2025-03-01T00:00:00Z,2025,3,5515
Guatemala,NA,2025-04-01T00:00:00Z,2025,4,4212
Guatemala,NA,2025-05-01T00:00:00Z,2025,5,6911
Guatemala,NA,2025-06-01T00:00:00Z,2025,6,2375
Guyana,NA,2024-01-01T00:00:00Z,2024,1,3049
Guyana,NA,2024-02-01T00:00:00Z,2024,2,4222
Guyana,NA,2024-03-01T00:00:00Z,2024,3,3457
Guyana,NA,2024-04-01T00:00:00Z,2024,4,4669
Guyana,NA,2024-05-01T00:00:00Z,2024,5,4673
Guyana,NA,2024-06-01T00:00:00Z,2024,6,6478
Guyana,NA,2024-07-01T00:00:00Z,2024,7,7583
Guyana,NA,2024-08-01T00:00:00Z,2024,8,2105
Guyana,NA,2024-09-01T00:00:00Z,2024,9,2582
Guyana,NA,2024-10-01T00:00:00Z,2024,10,2449
Guyana,NA,2024-11-01T00:00:00Z,2024,11,2793
Guyana,NA,2024-12-01T00:00:00Z,2024,12,2246
Guyana,NA,2025-01-01T00:00:00Z,2025,1,5040
Guyana,NA,2025-02-01T00:00:00Z,2025,2,4722
Guyana,NA,2025-03-01T00:00:00Z,2025,3,11228
Guyana,NA,2025-04-01T00:00:00Z,2025,4,8286
Guyana,NA,2025-05-01T00:00:00Z,2025,5,5209
Honduras,NA,2024-01-01T00:00:00Z,2024,1,3602
Honduras,NA,2024-02-01T00:00:00Z,2024,2,3331
Honduras,NA,2024-03-01T00:00:00Z,2024,3,3630
Honduras,NA,2024-04-01T00:00:00Z,2024,4,7656
Honduras,NA,2024-05-01T00:00:00Z,2024,5,10940
Honduras,NA,2024-06-01T00:00:00Z,2024,6,29091
Honduras,NA,2024-07-01T00:00:00Z,2024,7,41723
Honduras,NA,2024-08-01T00:00:00Z,2024,8,37091
Honduras,NA,2024-09-01T00:00:00Z,2024,9,25028
Honduras,NA,2024-10-01T00:00:00Z,2024,10,9410
Honduras,NA,2024-11-01T00:00:00Z,2024,11,4171
Honduras,NA,2024-12-01T00:00:00Z,2024,12,1536
Honduras,NA,2025-01-01T00:00:00Z,2025,1,1434
Honduras,NA,2025-02-01T00:00:00Z,2025,2,1274
Honduras,NA,2025-03-01T00:00:00Z,2025,3,2134
Honduras,NA,2025-04-01T00:00:00Z,2025,4,1545
Honduras,NA,2025-05-01T00:00:00Z,2025,5,2418
Jamaica,NA,2024-01-01T00:00:00Z,2024,1,457
Jamaica,NA,2024-02-01T00:00:00Z,2024,2,244
Jamaica,NA,2024-03-01T00:00:00Z,2024,3,309
Jamaica,NA,2024-04-01T00:00:00Z,2024,4,224
Jamaica,NA,2024-05-01T00:00:00Z,2024,5,108
Jamaica,NA,2024-06-01T00:00:00Z,2024,6,57
Jamaica,NA,2024-07-01T00:00:00Z,2024,7,98
Jamaica,NA,2024-08-01T00:00:00Z,2024,8,136
Jamaica,NA,2024-09-01T00:00:00Z,2024,9,122
Jamaica,NA,2024-10-01T00:00:00Z,2024,10,86
Jamaica,NA,2024-11-01T00:00:00Z,2024,11,73
Jamaica,NA,2024-12-01T00:00:00Z,2024,12,120
Jamaica,NA,2025-01-01T00:00:00Z,2025,1,46
Jamaica,NA,2025-02-01T00:00:00Z,2025,2,38
Jamaica,NA,2025-03-01T00:00:00Z,2025,3,37
Jamaica,NA,2025-04-01T00:00:00Z,2025,4,44
Jamaica,NA,2025-05-01T00:00:00Z,2025,5,44
Martinique,NA,2024-01-01T00:00:00Z,2024,1,1630
Martinique,NA,2024-02-01T00:00:00Z,2024,2,1765
Martinique,NA,2024-03-01T00:00:00Z,2024,3,1160
Martinique,NA,2024-04-01T00:00:00Z,2024,4,730
Martinique,NA,2024-05-01T00:00:00Z,2024,5,340
Martinique,NA,2024-06-01T00:00:00Z,2024,6,160
Martinique,NA,2024-07-01T00:00:00Z,2024,7,219
Martinique,NA,2024-08-01T00:00:00Z,2024,8,NA
Martinique,NA,2024-09-01T00:00:00Z,2024,9,660
Martinique,NA,2024-10-01T00:00:00Z,2024,10,305
Martinique,NA,2024-11-01T00:00:00Z,2024,11,267
Martinique,NA,2024-12-01T00:00:00Z,2024,12,135
Martinique,NA,2025-01-01T00:00:00Z,2025,1,293
Martinique,NA,2025-02-01T00:00:00Z,2025,2,100
Martinique,NA,2025-03-01T00:00:00Z,2025,3,282
Martinique,NA,2025-04-01T00:00:00Z,2025,4,100
Martinique,NA,2025-05-01T00:00:00Z,2025,5,100
Mexico,NA,2024-01-01T00:00:00Z,2024,1,21247
Mexico,NA,2024-02-01T00:00:00Z,2024,2,13673
Mexico,NA,2024-03-01T00:00:00Z,2024,3,12467
Mexico,NA,2024-04-01T00:00:00Z,2024,4,16800
Mexico,NA,2024-05-01T00:00:00Z,2024,5,16998
Mexico,NA,2024-06-01T00:00:00Z,2024,6,31988
Mexico,NA,2024-07-01T00:00:00Z,2024,7,58351
Mexico,NA,2024-08-01T00:00:00Z,2024,8,78848
Mexico,NA,2024-09-01T00:00:00Z,2024,9,125935
Mexico,NA,2024-10-01T00:00:00Z,2024,10,95931
Mexico,NA,2024-11-01T00:00:00Z,2024,11,60222
Mexico,NA,2024-12-01T00:00:00Z,2024,12,26386
Mexico,NA,2025-01-01T00:00:00Z,2025,1,11169
Mexico,NA,2025-02-01T00:00:00Z,2025,2,8366
Mexico,NA,2025-03-01T00:00:00Z,2025,3,8693
Mexico,NA,2025-04-01T00:00:00Z,2025,4,6206
Mexico,NA,2025-05-01T00:00:00Z,2025,5,9942
Mexico,NA,2025-06-01T00:00:00Z,2025,6,3510
Montserrat,NA,2024-01-01T00:00:00Z,2024,1,1
Montserrat,NA,2024-02-01T00:00:00Z,2024,2,NA
Montserrat,NA,2024-03-01T00:00:00Z,2024,3,NA
Montserrat,NA,2024-04-01T00:00:00Z,2024,4,NA
Montserrat,NA,2024-05-01T00:00:00Z,2024,5,NA
Montserrat,NA,2024-06-01T00:00:00Z,2024,6,1
Montserrat,NA,2024-07-01T00:00:00Z,2024,7,NA
Montserrat,NA,2024-08-01T00:00:00Z,2024,8,NA
Montserrat,NA,2024-09-01T00:00:00Z,2024,9,1
Montserrat,NA,2024-10-01T00:00:00Z,2024,10,NA
Montserrat,NA,2024-11-01T00:00:00Z,2024,11,NA
Montserrat,NA,2024-12-01T00:00:00Z,2024,12,NA
Montserrat,NA,2025-01-01T00:00:00Z,2025,1,NA
Montserrat,NA,2025-02-01T00:00:00Z,2025,2,NA
Montserrat,NA,2025-03-01T00:00:00Z,2025,3,NA
Montserrat,NA,2025-04-01T00:00:00Z,2025,4,1
Nicaragua,NA,2024-01-01T00:00:00Z,2024,1,9530
Nicaragua,NA,2024-02-01T00:00:00Z,2024,2,6598
Nicaragua,NA,2024-03-01T00:00:00Z,2024,3,4172
Nicaragua,NA,2024-04-01T00:00:00Z,2024,4,4832
Nicaragua,NA,2024-05-01T00:00:00Z,2024,5,4843
Nicaragua,NA,2024-06-01T00:00:00Z,2024,6,7818
Nicaragua,NA,2024-07-01T00:00:00Z,2024,7,9940
Nicaragua,NA,2024-08-01T00:00:00Z,2024,8,8335
Nicaragua,NA,2024-09-01T00:00:00Z,2024,9,10999
Nicaragua,NA,2024-10-01T00:00:00Z,2024,10,9946
Nicaragua,NA,2024-11-01T00:00:00Z,2024,11,8261
Nicaragua,NA,2024-12-01T00:00:00Z,2024,12,6754
Nicaragua,NA,2025-01-01T00:00:00Z,2025,1,5702
Panama,NA,2024-01-01T00:00:00Z,2024,1,2553
Panama,NA,2024-02-01T00:00:00Z,2024,2,1216
Panama,NA,2024-03-01T00:00:00Z,2024,3,891
Panama,NA,2024-04-01T00:00:00Z,2024,4,1032
Panama,NA,2024-05-01T00:00:00Z,2024,5,1183
Panama,NA,2024-06-01T00:00:00Z,2024,6,2268
Panama,NA,2024-07-01T00:00:00Z,2024,7,6839
Panama,NA,2024-08-01T00:00:00Z,2024,8,6687
Panama,NA,2024-09-01T00:00:00Z,2024,9,5861
Panama,NA,2024-10-01T00:00:00Z,2024,10,3558
Panama,NA,2024-11-01T00:00:00Z,2024,11,2782
Panama,NA,2024-12-01T00:00:00Z,2024,12,2204
Panama,NA,2025-01-01T00:00:00Z,2025,1,2426
Panama,NA,2025-02-01T00:00:00Z,2025,2,1397
Panama,NA,2025-03-01T00:00:00Z,2025,3,1332
Panama,NA,2025-04-01T00:00:00Z,2025,4,932
Panama,NA,2025-05-01T00:00:00Z,2025,5,777
Paraguay,NA,2024-01-01T00:00:00Z,2024,1,97747
Paraguay,NA,2024-02-01T00:00:00Z,2024,2,69931
Paraguay,NA,2024-03-01T00:00:00Z,2024,3,50768
Paraguay,NA,2024-04-01T00:00:00Z,2024,4,42326
Paraguay,NA,2024-05-01T00:00:00Z,2024,5,14686
Paraguay,NA,2024-06-01T00:00:00Z,2024,6,5637
Paraguay,NA,2024-07-01T00:00:00Z,2024,7,2208
Paraguay,NA,2024-08-01T00:00:00Z,2024,8,1345
Paraguay,NA,2024-09-01T00:00:00Z,2024,9,1913
Paraguay,NA,2024-10-01T00:00:00Z,2024,10,2399
Paraguay,NA,2024-11-01T00:00:00Z,2024,11,3414
Paraguay,NA,2024-12-01T00:00:00Z,2024,12,3411
Paraguay,NA,2025-01-01T00:00:00Z,2025,1,4652
Paraguay,NA,2025-02-01T00:00:00Z,2025,2,3792
Paraguay,NA,2025-03-01T00:00:00Z,2025,3,4648
Paraguay,NA,2025-04-01T00:00:00Z,2025,4,2893
Paraguay,NA,2025-05-01T00:00:00Z,2025,5,3751
Peru,NA,2024-01-01T00:00:00Z,2024,1,12313
Peru,NA,2024-02-01T00:00:00Z,2024,2,37992
Peru,NA,2024-03-01T00:00:00Z,2024,3,70071
Peru,NA,2024-04-01T00:00:00Z,2024,4,97460
Peru,NA,2024-05-01T00:00:00Z,2024,5,32773
Peru,NA,2024-06-01T00:00:00Z,2024,6,7760
Peru,NA,2024-07-01T00:00:00Z,2024,7,3144
Peru,NA,2024-08-01T00:00:00Z,2024,8,1845
Peru,NA,2024-09-01T00:00:00Z,2024,9,2466
Peru,NA,2024-10-01T00:00:00Z,2024,10,2797
Peru,NA,2024-11-01T00:00:00Z,2024,11,5450
Peru,NA,2024-12-01T00:00:00Z,2024,12,4810
Peru,NA,2025-01-01T00:00:00Z,2025,1,6550
Peru,NA,2025-02-01T00:00:00Z,2025,2,5323
Peru,NA,2025-03-01T00:00:00Z,2025,3,8001
Peru,NA,2025-04-01T00:00:00Z,2025,4,7044
Peru,NA,2025-05-01T00:00:00Z,2025,5,6935
Peru,NA,2025-06-01T00:00:00Z,2025,6,1198
Puerto Rico,NA,2024-01-01T00:00:00Z,2024,1,284
Puerto Rico,NA,2024-02-01T00:00:00Z,2024,2,226
Puerto Rico,NA,2024-03-01T00:00:00Z,2024,3,222
Puerto Rico,NA,2024-04-01T00:00:00Z,2024,4,341
Puerto Rico,NA,2024-05-01T00:00:00Z,2024,5,384
Puerto Rico,NA,2024-06-01T00:00:00Z,2024,6,417
Puerto Rico,NA,2024-07-01T00:00:00Z,2024,7,739
Puerto Rico,NA,2024-08-01T00:00:00Z,2024,8,593
Puerto Rico,NA,2024-09-01T00:00:00Z,2024,9,923
Puerto Rico,NA,2024-10-01T00:00:00Z,2024,10,721
Puerto Rico,NA,2024-11-01T00:00:00Z,2024,11,589
Puerto Rico,NA,2024-12-01T00:00:00Z,2024,12,649
Puerto Rico,NA,2025-01-01T00:00:00Z,2025,1,663
Puerto Rico,NA,2025-02-01T00:00:00Z,2025,2,389
Puerto Rico,NA,2025-03-01T00:00:00Z,2025,3,319
Puerto Rico,NA,2025-04-01T00:00:00Z,2025,4,195
Puerto Rico,NA,2025-05-01T00:00:00Z,2025,5,211
Saint Barthelemy,NA,2024-01-01T00:00:00Z,2024,1,76
Saint Barthelemy,NA,2024-02-01T00:00:00Z,2024,2,29
Saint Barthelemy,NA,2024-03-01T00:00:00Z,2024,3,9
Saint Barthelemy,NA,2024-04-01T00:00:00Z,2024,4,7
Saint Barthelemy,NA,2024-05-01T00:00:00Z,2024,5,14
Saint Barthelemy,NA,2024-06-01T00:00:00Z,2024,6,6
Saint Barthelemy,NA,2024-07-01T00:00:00Z,2024,7,7
Saint Barthelemy,NA,2024-08-01T00:00:00Z,2024,8,NA
Saint Barthelemy,NA,2024-09-01T00:00:00Z,2024,9,3
Saint Barthelemy,NA,2024-10-01T00:00:00Z,2024,10,NA
Saint Barthelemy,NA,2024-11-01T00:00:00Z,2024,11,6
Saint Barthelemy,NA,2024-12-01T00:00:00Z,2024,12,16
Saint Barthelemy,NA,2025-01-01T00:00:00Z,2025,1,17
Saint Barthelemy,NA,2025-02-01T00:00:00Z,2025,2,1
Saint Barthelemy,NA,2025-03-01T00:00:00Z,2025,3,2
Saint Barthelemy,NA,2025-04-01T00:00:00Z,2025,4,NA
Saint Barthelemy,NA,2025-05-01T00:00:00Z,2025,5,NA
Saint Kitts and Nevis,NA,2024-01-01T00:00:00Z,2024,1,118
Saint Kitts and Nevis,NA,2024-02-01T00:00:00Z,2024,2,19
Saint Kitts and Nevis,NA,2024-03-01T00:00:00Z,2024,3,13
Saint Kitts and Nevis,NA,2024-04-01T00:00:00Z,2024,4,3
Saint Kitts and Nevis,NA,2024-05-01T00:00:00Z,2024,5,22
Saint Kitts and Nevis,NA,2024-06-01T00:00:00Z,2024,6,23
Saint Kitts and Nevis,NA,2024-07-01T00:00:00Z,2024,7,4
Saint Kitts and Nevis,NA,2024-08-01T00:00:00Z,2024,8,4
Saint Kitts and Nevis,NA,2024-09-01T00:00:00Z,2024,9,14
Saint Kitts and Nevis,NA,2024-10-01T00:00:00Z,2024,10,21
Saint Kitts and Nevis,NA,2024-11-01T00:00:00Z,2024,11,8
Saint Kitts and Nevis,NA,2024-12-01T00:00:00Z,2024,12,4
Saint Kitts and Nevis,NA,2025-01-01T00:00:00Z,2025,1,NA
Saint Kitts and Nevis,NA,2025-02-01T00:00:00Z,2025,2,4
Saint Kitts and Nevis,NA,2025-03-01T00:00:00Z,2025,3,NA
Saint Kitts and Nevis,NA,2025-04-01T00:00:00Z,2025,4,NA
Saint Kitts and Nevis,NA,2025-05-01T00:00:00Z,2025,5,NA
Saint Kitts and Nevis,NA,2025-06-01T00:00:00Z,2025,6,NA
Saint Lucia,NA,2024-01-01T00:00:00Z,2024,1,NA
Saint Lucia,NA,2024-02-01T00:00:00Z,2024,2,4
Saint Lucia,NA,2024-03-01T00:00:00Z,2024,3,NA
Saint Lucia,NA,2024-04-01T00:00:00Z,2024,4,1
Saint Lucia,NA,2024-05-01T00:00:00Z,2024,5,2
Saint Lucia,NA,2024-06-01T00:00:00Z,2024,6,6
Saint Lucia,NA,2024-07-01T00:00:00Z,2024,7,9
Saint Lucia,NA,2024-08-01T00:00:00Z,2024,8,38
Saint Lucia,NA,2024-09-01T00:00:00Z,2024,9,217
Saint Lucia,NA,2024-10-01T00:00:00Z,2024,10,118
Saint Lucia,NA,2024-11-01T00:00:00Z,2024,11,14
Saint Lucia,NA,2024-12-01T00:00:00Z,2024,12,23
Saint Lucia,NA,2025-01-01T00:00:00Z,2025,1,8
Saint Lucia,NA,2025-02-01T00:00:00Z,2025,2,10
Saint Lucia,NA,2025-03-01T00:00:00Z,2025,3,6
Saint Lucia,NA,2025-04-01T00:00:00Z,2025,4,6
Saint Lucia,NA,2025-05-01T00:00:00Z,2025,5,1
Saint Lucia,NA,2025-06-01T00:00:00Z,2025,6,NA
Saint Martin (French part),NA,2024-01-01T00:00:00Z,2024,1,226
Saint Martin (French part),NA,2024-02-01T00:00:00Z,2024,2,169
Saint Martin (French part),NA,2024-03-01T00:00:00Z,2024,3,44
Saint Martin (French part),NA,2024-04-01T00:00:00Z,2024,4,30
Saint Martin (French part),NA,2024-05-01T00:00:00Z,2024,5,46
Saint Martin (French part),NA,2024-06-01T00:00:00Z,2024,6,40
Saint Martin (French part),NA,2024-07-01T00:00:00Z,2024,7,6
Saint Martin (French part),NA,2024-08-01T00:00:00Z,2024,8,NA
Saint Martin (French part),NA,2024-09-01T00:00:00Z,2024,9,6
Saint Martin (French part),NA,2024-10-01T00:00:00Z,2024,10,39
Saint Martin (French part),NA,2024-11-01T00:00:00Z,2024,11,10
Saint Martin (French part),NA,2024-12-01T00:00:00Z,2024,12,8
Saint Martin (French part),NA,2025-01-01T00:00:00Z,2025,1,53
Saint Martin (French part),NA,2025-02-01T00:00:00Z,2025,2,17
Saint Martin (French part),NA,2025-03-01T00:00:00Z,2025,3,18
Saint Martin (French part),NA,2025-04-01T00:00:00Z,2025,4,32
Saint Martin (French part),NA,2025-05-01T00:00:00Z,2025,5,24
Saint Vincent and the Grenadines,NA,2024-01-01T00:00:00Z,2024,1,NA
Saint Vincent and the Grenadines,NA,2024-02-01T00:00:00Z,2024,2,NA
Saint Vincent and the Grenadines,NA,2024-03-01T00:00:00Z,2024,3,NA
Saint Vincent and the Grenadines,NA,2024-04-01T00:00:00Z,2024,4,NA
Saint Vincent and the Grenadines,NA,2024-05-01T00:00:00Z,2024,5,9
Saint Vincent and the Grenadines,NA,2024-06-01T00:00:00Z,2024,6,7
Saint Vincent and the Grenadines,NA,2024-07-01T00:00:00Z,2024,7,30
Saint Vincent and the Grenadines,NA,2024-08-01T00:00:00Z,2024,8,27
Saint Vincent and the Grenadines,NA,2024-09-01T00:00:00Z,2024,9,846
Saint Vincent and the Grenadines,NA,2024-10-01T00:00:00Z,2024,10,46
Saint Vincent and the Grenadines,NA,2024-11-01T00:00:00Z,2024,11,NA
Saint Vincent and the Grenadines,NA,2024-12-01T00:00:00Z,2024,12,NA
Saint Vincent and the Grenadines,NA,2025-01-01T00:00:00Z,2025,1,NA
Saint Vincent and the Grenadines,NA,2025-02-01T00:00:00Z,2025,2,2
Saint Vincent and the Grenadines,NA,2025-03-01T00:00:00Z,2025,3,NA
Saint Vincent and the Grenadines,NA,2025-04-01T00:00:00Z,2025,4,1
Sint Maarten (Dutch part),NA,2024-01-01T00:00:00Z,2024,1,53
Sint Maarten (Dutch part),NA,2024-02-01T00:00:00Z,2024,2,33
Sint Maarten (Dutch part),NA,2024-03-01T00:00:00Z,2024,3,29
Sint Maarten (Dutch part),NA,2024-04-01T00:00:00Z,2024,4,NA
Sint Maarten (Dutch part),NA,2024-05-01T00:00:00Z,2024,5,NA
Sint Maarten (Dutch part),NA,2024-06-01T00:00:00Z,2024,6,NA
Sint Maarten (Dutch part),NA,2024-07-01T00:00:00Z,2024,7,NA
Sint Maarten (Dutch part),NA,2024-08-01T00:00:00Z,2024,8,NA
Sint Maarten (Dutch part),NA,2024-09-01T00:00:00Z,2024,9,4
Sint Maarten (Dutch part),NA,2024-10-01T00:00:00Z,2024,10,NA
Sint Maarten (Dutch part),NA,2024-11-01T00:00:00Z,2024,11,NA
Sint Maarten (Dutch part),NA,2024-12-01T00:00:00Z,2024,12,NA
Sint Maarten (Dutch part),NA,2025-01-01T00:00:00Z,2025,1,NA
Sint Maarten (Dutch part),NA,2025-02-01T00:00:00Z,2025,2,NA
Sint Maarten (Dutch part),NA,2025-03-01T00:00:00Z,2025,3,NA
Sint Maarten (Dutch part),NA,2025-04-01T00:00:00Z,2025,4,NA
Sint Maarten (Dutch part),NA,2025-05-01T00:00:00Z,2025,5,6
Suriname,NA,2024-01-01T00:00:00Z,2024,1,27
Suriname,NA,2024-02-01T00:00:00Z,2024,2,38
Suriname,NA,2024-03-01T00:00:00Z,2024,3,17
Suriname,NA,2024-04-01T00:00:00Z,2024,4,11
Suriname,NA,2024-05-01T00:00:00Z,2024,5,2
Trinidad and Tobago,NA,2024-01-01T00:00:00Z,2024,1,110
Trinidad and Tobago,NA,2024-02-01T00:00:00Z,2024,2,NA
Trinidad and Tobago,NA,2024-03-01T00:00:00Z,2024,3,NA
Trinidad and Tobago,NA,2024-04-01T00:00:00Z,2024,4,NA
Trinidad and Tobago,NA,2024-05-01T00:00:00Z,2024,5,NA
Trinidad and Tobago,NA,2024-06-01T00:00:00Z,2024,6,124
Trinidad and Tobago,NA,2024-07-01T00:00:00Z,2024,7,677
Trinidad and Tobago,NA,2024-08-01T00:00:00Z,2024,8,28
Trinidad and Tobago,NA,2024-09-01T00:00:00Z,2024,9,384
Trinidad and Tobago,NA,2024-10-01T00:00:00Z,2024,10,365
Trinidad and Tobago,NA,2024-11-01T00:00:00Z,2024,11,202
Trinidad and Tobago,NA,2024-12-01T00:00:00Z,2024,12,NA
Trinidad and Tobago,NA,2025-01-01T00:00:00Z,2025,1,NA
Trinidad and Tobago,NA,2025-02-01T00:00:00Z,2025,2,NA
Trinidad and Tobago,NA,2025-03-01T00:00:00Z,2025,3,NA
Trinidad and Tobago,NA,2025-04-01T00:00:00Z,2025,4,NA
Trinidad and Tobago,NA,2025-05-01T00:00:00Z,2025,5,4
Turks and Caicos Islands,NA,2024-01-01T00:00:00Z,2024,1,27
Turks and Caicos Islands,NA,2024-02-01T00:00:00Z,2024,2,NA
Turks and Caicos Islands,NA,2024-03-01T00:00:00Z,2024,3,NA
Turks and Caicos Islands,NA,2024-04-01T00:00:00Z,2024,4,NA
Turks and Caicos Islands,NA,2024-05-01T00:00:00Z,2024,5,NA
Turks and Caicos Islands,NA,2024-06-01T00:00:00Z,2024,6,NA
Turks and Caicos Islands,NA,2024-07-01T00:00:00Z,2024,7,8
Turks and Caicos Islands,NA,2024-08-01T00:00:00Z,2024,8,NA
Turks and Caicos Islands,NA,2024-09-01T00:00:00Z,2024,9,7
Turks and Caicos Islands,NA,2024-10-01T00:00:00Z,2024,10,NA
Turks and Caicos Islands,NA,2024-11-01T00:00:00Z,2024,11,NA
Turks and Caicos Islands,NA,2024-12-01T00:00:00Z,2024,12,NA
Turks and Caicos Islands,NA,2025-01-01T00:00:00Z,2025,1,NA
Turks and Caicos Islands,NA,2025-02-01T00:00:00Z,2025,2,NA
Turks and Caicos Islands,NA,2025-03-01T00:00:00Z,2025,3,NA
Turks and Caicos Islands,NA,2025-04-01T00:00:00Z,2025,4,NA
Turks and Caicos Islands,NA,2025-05-01T00:00:00Z,2025,5,1
United States,NA,2024-01-01T00:00:00Z,2024,1,49
United States,NA,2024-02-01T00:00:00Z,2024,2,144
United States,NA,2024-03-01T00:00:00Z,2024,3,116
United States,NA,2024-04-01T00:00:00Z,2024,4,240
United States,NA,2024-05-01T00:00:00Z,2024,5,130
United States,NA,2024-06-01T00:00:00Z,2024,6,136
United States,NA,2024-07-01T00:00:00Z,2024,7,259
United States,NA,2024-08-01T00:00:00Z,2024,8,357
United States,NA,2024-09-01T00:00:00Z,2024,9,653
United States,NA,2024-10-01T00:00:00Z,2024,10,352
United States,NA,2024-11-01T00:00:00Z,2024,11,314
United States,NA,2024-12-01T00:00:00Z,2024,12,321
United States,NA,2025-01-01T00:00:00Z,2025,1,78
United States,NA,2025-02-01T00:00:00Z,2025,2,65
United States,NA,2025-03-01T00:00:00Z,2025,3,71
United States,NA,2025-04-01T00:00:00Z,2025,4,62
United States,NA,2025-05-01T00:00:00Z,2025,5,46
United States,NA,2025-06-01T00:00:00Z,2025,6,17
United States Virgin Islands,NA,2024-01-01T00:00:00Z,2024,1,NA
United States Virgin Islands,NA,2024-02-01T00:00:00Z,2024,2,NA
United States Virgin Islands,NA,2024-03-01T00:00:00Z,2024,3,NA
United States Virgin Islands,NA,2024-04-01T00:00:00Z,2024,4,NA
United States Virgin Islands,NA,2024-05-01T00:00:00Z,2024,5,6
United States Virgin Islands,NA,2024-06-01T00:00:00Z,2024,6,8
United States Virgin Islands,NA,2024-07-01T00:00:00Z,2024,7,20
United States Virgin Islands,NA,2024-08-01T00:00:00Z,2024,8,60
United States Virgin Islands,NA,2024-09-01T00:00:00Z,2024,9,43
United States Virgin Islands,NA,2024-10-01T00:00:00Z,2024,10,18
United States Virgin Islands,NA,2024-11-01T00:00:00Z,2024,11,22
United States Virgin Islands,NA,2024-12-01T00:00:00Z,2024,12,8
United States Virgin Islands,NA,2025-01-01T00:00:00Z,2025,1,1
United States Virgin Islands,NA,2025-02-01T00:00:00Z,2025,2,32
United States Virgin Islands,NA,2025-03-01T00:00:00Z,2025,3,8
United States Virgin Islands,NA,2025-04-01T00:00:00Z,2025,4,NA
United States Virgin Islands,NA,2025-05-01T00:00:00Z,2025,5,4
United States Virgin Islands,NA,2025-06-01T00:00:00Z,2025,6,2
Uruguay,NA,2024-01-01T00:00:00Z,2024,1,NA
Uruguay,NA,2024-02-01T00:00:00Z,2024,2,NA
Uruguay,NA,2024-03-01T00:00:00Z,2024,3,113
Uruguay,NA,2024-04-01T00:00:00Z,2024,4,373
Uruguay,NA,2024-05-01T00:00:00Z,2024,5,215
Uruguay,NA,2024-06-01T00:00:00Z,2024,6,NA
Uruguay,NA,2024-07-01T00:00:00Z,2024,7,NA
Uruguay,NA,2024-08-01T00:00:00Z,2024,8,NA
Uruguay,NA,2024-09-01T00:00:00Z,2024,9,NA
Uruguay,NA,2024-10-01T00:00:00Z,2024,10,NA
Uruguay,NA,2024-11-01T00:00:00Z,2024,11,NA
Uruguay,NA,2024-12-01T00:00:00Z,2024,12,11
Uruguay,NA,2025-01-01T00:00:00Z,2025,1,NA
Uruguay,NA,2025-02-01T00:00:00Z,2025,2,NA
Uruguay,NA,2025-03-01T00:00:00Z,2025,3,1
Uruguay,NA,2025-04-01T00:00:00Z,2025,4,1
Uruguay,NA,2025-05-01T00:00:00Z,2025,5,4
Uruguay,NA,2025-06-01T00:00:00Z,2025,6,NA
India,NA,2024-01-01T00:00:00Z,2024,1,5079
India,NA,2024-02-01T00:00:00Z,2024,2,5429
India,NA,2024-03-01T00:00:00Z,2024,3,5597
India,NA,2024-04-01T00:00:00Z,2024,4,3342
India,NA,2024-05-01T00:00:00Z,2024,5,5145
India,NA,2024-06-01T00:00:00Z,2024,6,7499
India,NA,2024-07-01T00:00:00Z,2024,7,27675
India,NA,2024-08-01T00:00:00Z,2024,8,32388
India,NA,2024-09-01T00:00:00Z,2024,9,41375
India,NA,2024-10-01T00:00:00Z,2024,10,51183
India,NA,2024-11-01T00:00:00Z,2024,11,30354
India,NA,2024-12-01T00:00:00Z,2024,12,17359
India,NA,2025-01-01T00:00:00Z,2025,1,4700
India,NA,2025-02-01T00:00:00Z,2025,2,3806
India,NA,2025-03-01T00:00:00Z,2025,3,3517
India,NA,2025-04-01T00:00:00Z,2025,4,2700
India,NA,2025-05-01T00:00:00Z,2025,5,3766
India,NA,2025-06-01T00:00:00Z,2025,6,0
India,NA,2025-07-01T00:00:00Z,2025,7,0
India,NA,2025-08-01T00:00:00Z,2025,8,0
India,NA,2025-09-01T00:00:00Z,2025,9,0
India,NA,2025-10-01T00:00:00Z,2025,10,0
India,NA,2025-11-01T00:00:00Z,2025,11,0
India,NA,2025-12-01T00:00:00Z,2025,12,0
Maldives,NA,2024-01-01T00:00:00Z,2024,1,138
Maldives,NA,2024-02-01T00:00:00Z,2024,2,120
Maldives,NA,2024-03-01T00:00:00Z,2024,3,125
Maldives,NA,2024-04-01T00:00:00Z,2024,4,255
Maldives,NA,2024-05-01T00:00:00Z,2024,5,667
Maldives,NA,2024-06-01T00:00:00Z,2024,6,618
Maldives,NA,2024-07-01T00:00:00Z,2024,7,440
Maldives,NA,2024-08-01T00:00:00Z,2024,8,394
Maldives,NA,2024-09-01T00:00:00Z,2024,9,180
Maldives,NA,2024-10-01T00:00:00Z,2024,10,117
Maldives,NA,2024-11-01T00:00:00Z,2024,11,124
Maldives,NA,2024-12-01T00:00:00Z,2024,12,68
Maldives,NA,2025-01-01T00:00:00Z,2025,1,72
Maldives,NA,2025-02-01T00:00:00Z,2025,2,74
Maldives,NA,2025-03-01T00:00:00Z,2025,3,69
Maldives,NA,2025-04-01T00:00:00Z,2025,4,120
Maldives,NA,2025-05-01T00:00:00Z,2025,5,116
Maldives,NA,2025-06-01T00:00:00Z,2025,6,0
Maldives,NA,2025-07-01T00:00:00Z,2025,7,0
Maldives,NA,2025-08-01T00:00:00Z,2025,8,0
Maldives,NA,2025-09-01T00:00:00Z,2025,9,0
Maldives,NA,2025-10-01T00:00:00Z,2025,10,0
Maldives,NA,2025-11-01T00:00:00Z,2025,11,0
Maldives,NA,2025-12-01T00:00:00Z,2025,12,0
Myanmar,NA,2024-01-01T00:00:00Z,2024,1,208
Myanmar,NA,2024-02-01T00:00:00Z,2024,2,181
Myanmar,NA,2024-03-01T00:00:00Z,2024,3,176
Myanmar,NA,2024-04-01T00:00:00Z,2024,4,203
Myanmar,NA,2024-05-01T00:00:00Z,2024,5,311
Myanmar,NA,2024-06-01T00:00:00Z,2024,6,574
Myanmar,NA,2024-07-01T00:00:00Z,2024,7,1236
Myanmar,NA,2024-08-01T00:00:00Z,2024,8,1239
Myanmar,NA,2024-09-01T00:00:00Z,2024,9,933
Myanmar,NA,2024-10-01T00:00:00Z,2024,10,690
Myanmar,NA,2024-11-01T00:00:00Z,2024,11,380
Myanmar,NA,2024-12-01T00:00:00Z,2024,12,257
Myanmar,NA,2025-01-01T00:00:00Z,2025,1,172
Myanmar,NA,2025-02-01T00:00:00Z,2025,2,120
Myanmar,NA,2025-03-01T00:00:00Z,2025,3,167
Myanmar,NA,2025-04-01T00:00:00Z,2025,4,235
Myanmar,NA,2025-05-01T00:00:00Z,2025,5,699
Myanmar,NA,2025-06-01T00:00:00Z,2025,6,0
Myanmar,NA,2025-07-01T00:00:00Z,2025,7,0
Myanmar,NA,2025-08-01T00:00:00Z,2025,8,0
Myanmar,NA,2025-09-01T00:00:00Z,2025,9,0
Myanmar,NA,2025-10-01T00:00:00Z,2025,10,0
Myanmar,NA,2025-11-01T00:00:00Z,2025,11,0
Myanmar,NA,2025-12-01T00:00:00Z,2025,12,0
Nepal,NA,2024-01-01T00:00:00Z,2024,1,499
Nepal,NA,2024-02-01T00:00:00Z,2024,2,408
Nepal,NA,2024-03-01T00:00:00Z,2024,3,374
Nepal,NA,2024-04-01T00:00:00Z,2024,4,463
Nepal,NA,2024-05-01T00:00:00Z,2024,5,495
Nepal,NA,2024-06-01T00:00:00Z,2024,6,632
Nepal,NA,2024-07-01T00:00:00Z,2024,7,1906
Nepal,NA,2024-08-01T00:00:00Z,2024,8,6493
Nepal,NA,2024-09-01T00:00:00Z,2024,9,11875
Nepal,NA,2024-10-01T00:00:00Z,2024,10,12332
Nepal,NA,2024-11-01T00:00:00Z,2024,11,5544
Nepal,NA,2024-12-01T00:00:00Z,2024,12,844
Nepal,NA,2025-01-01T00:00:00Z,2025,1,251
Nepal,NA,2025-02-01T00:00:00Z,2025,2,245
Nepal,NA,2025-03-01T00:00:00Z,2025,3,241
Nepal,NA,2025-04-01T00:00:00Z,2025,4,201
Nepal,NA,2025-05-01T00:00:00Z,2025,5,277
Nepal,NA,2025-06-01T00:00:00Z,2025,6,0
Nepal,NA,2025-07-01T00:00:00Z,2025,7,0
Nepal,NA,2025-08-01T00:00:00Z,2025,8,0
Nepal,NA,2025-09-01T00:00:00Z,2025,9,0
Nepal,NA,2025-10-01T00:00:00Z,2025,10,0
Nepal,NA,2025-11-01T00:00:00Z,2025,11,0
Nepal,NA,2025-12-01T00:00:00Z,2025,12,0
Indonesia,NA,2024-01-01T00:00:00Z,2024,1,27268
Indonesia,NA,2024-02-01T00:00:00Z,2024,2,29411
Indonesia,NA,2024-03-01T00:00:00Z,2024,3,32292
Indonesia,NA,2024-04-01T00:00:00Z,2024,4,30123
Indonesia,NA,2024-05-01T00:00:00Z,2024,5,32020
Indonesia,NA,2024-06-01T00:00:00Z,2024,6,24098
Indonesia,NA,2024-07-01T00:00:00Z,2024,7,19265
Indonesia,NA,2024-08-01T00:00:00Z,2024,8,14563
Indonesia,NA,2024-09-01T00:00:00Z,2024,9,11074
Indonesia,NA,2024-10-01T00:00:00Z,2024,10,10970
Indonesia,NA,2024-11-01T00:00:00Z,2024,11,11975
Indonesia,NA,2024-12-01T00:00:00Z,2024,12,14212
Indonesia,NA,2025-01-01T00:00:00Z,2025,1,21417
Indonesia,NA,2025-02-01T00:00:00Z,2025,2,17160
Indonesia,NA,2025-03-01T00:00:00Z,2025,3,11795
Indonesia,NA,2025-04-01T00:00:00Z,2025,4,5750
Indonesia,NA,2025-05-01T00:00:00Z,2025,5,157
Indonesia,NA,2025-06-01T00:00:00Z,2025,6,0
Indonesia,NA,2025-07-01T00:00:00Z,2025,7,0
Indonesia,NA,2025-08-01T00:00:00Z,2025,8,0
Indonesia,NA,2025-09-01T00:00:00Z,2025,9,0
Indonesia,NA,2025-10-01T00:00:00Z,2025,10,0
Indonesia,NA,2025-11-01T00:00:00Z,2025,11,0
Indonesia,NA,2025-12-01T00:00:00Z,2025,12,0
Thailand,NA,2024-01-01T00:00:00Z,2024,1,11413
Thailand,NA,2024-02-01T00:00:00Z,2024,2,7123
Thailand,NA,2024-03-01T00:00:00Z,2024,3,5315
Thailand,NA,2024-04-01T00:00:00Z,2024,4,4327
Thailand,NA,2024-05-01T00:00:00Z,2024,5,4968
Thailand,NA,2024-06-01T00:00:00Z,2024,6,7992
Thailand,NA,2024-07-01T00:00:00Z,2024,7,15371
Thailand,NA,2024-08-01T00:00:00Z,2024,8,16119
Thailand,NA,2024-09-01T00:00:00Z,2024,9,11395
Thailand,NA,2024-10-01T00:00:00Z,2024,10,8359
Thailand,NA,2024-11-01T00:00:00Z,2024,11,7006
Thailand,NA,2024-12-01T00:00:00Z,2024,12,5293
Thailand,NA,2025-01-01T00:00:00Z,2025,1,4005
Thailand,NA,2025-02-01T00:00:00Z,2025,2,2269
Thailand,NA,2025-03-01T00:00:00Z,2025,3,2447
Thailand,NA,2025-04-01T00:00:00Z,2025,4,2271
Thailand,NA,2025-05-01T00:00:00Z,2025,5,4683
Thailand,NA,2025-06-01T00:00:00Z,2025,6,0
Thailand,NA,2025-07-01T00:00:00Z,2025,7,0
Thailand,NA,2025-08-01T00:00:00Z,2025,8,0
Thailand,NA,2025-09-01T00:00:00Z,2025,9,0
Thailand,NA,2025-10-01T00:00:00Z,2025,10,0
Thailand,NA,2025-11-01T00:00:00Z,2025,11,0
Thailand,NA,2025-12-01T00:00:00Z,2025,12,0
Sri Lanka,NA,2024-01-01T00:00:00Z,2024,1,10752
Sri Lanka,NA,2024-02-01T00:00:00Z,2024,2,6047
Sri Lanka,NA,2024-03-01T00:00:00Z,2024,3,3629
Sri Lanka,NA,2024-04-01T00:00:00Z,2024,4,2234
Sri Lanka,NA,2024-05-01T00:00:00Z,2024,5,2650
Sri Lanka,NA,2024-06-01T00:00:00Z,2024,6,3312
Sri Lanka,NA,2024-07-01T00:00:00Z,2024,7,4519
Sri Lanka,NA,2024-08-01T00:00:00Z,2024,8,3896
Sri Lanka,NA,2024-09-01T00:00:00Z,2024,9,2772
Sri Lanka,NA,2024-10-01T00:00:00Z,2024,10,2964
Sri Lanka,NA,2024-11-01T00:00:00Z,2024,11,3498
Sri Lanka,NA,2024-12-01T00:00:00Z,2024,12,3604
Sri Lanka,NA,2025-01-01T00:00:00Z,2025,1,4942
Sri Lanka,NA,2025-02-01T00:00:00Z,2025,2,3666
Sri Lanka,NA,2025-03-01T00:00:00Z,2025,3,3771
Sri Lanka,NA,2025-04-01T00:00:00Z,2025,4,5171
Sri Lanka,NA,2025-05-01T00:00:00Z,2025,5,0
Sri Lanka,NA,2025-06-01T00:00:00Z,2025,6,0
Sri Lanka,NA,2025-07-01T00:00:00Z,2025,7,0
Sri Lanka,NA,2025-08-01T00:00:00Z,2025,8,0
Sri Lanka,NA,2025-09-01T00:00:00Z,2025,9,0
Sri Lanka,NA,2025-10-01T00:00:00Z,2025,10,0
Sri Lanka,NA,2025-11-01T00:00:00Z,2025,11,0
Sri Lanka,NA,2025-12-01T00:00:00Z,2025,12,0
Timor-Leste,NA,2024-01-01T00:00:00Z,2024,1,189
Timor-Leste,NA,2024-02-01T00:00:00Z,2024,2,328
Timor-Leste,NA,2024-03-01T00:00:00Z,2024,3,347
Timor-Leste,NA,2024-04-01T00:00:00Z,2024,4,307
Timor-Leste,NA,2024-05-01T00:00:00Z,2024,5,101
Timor-Leste,NA,2024-06-01T00:00:00Z,2024,6,45
Timor-Leste,NA,2024-07-01T00:00:00Z,2024,7,30
Timor-Leste,NA,2024-08-01T00:00:00Z,2024,8,24
Timor-Leste,NA,2024-09-01T00:00:00Z,2024,9,28
Timor-Leste,NA,2024-10-01T00:00:00Z,2024,10,39
Timor-Leste,NA,2024-11-01T00:00:00Z,2024,11,12
Timor-Leste,NA,2024-12-01T00:00:00Z,2024,12,12
Timor-Leste,NA,2025-01-01T00:00:00Z,2025,1,129
Timor-Leste,NA,2025-02-01T00:00:00Z,2025,2,185
Timor-Leste,NA,2025-03-01T00:00:00Z,2025,3,188
Timor-Leste,NA,2025-04-01T00:00:00Z,2025,4,127
Timor-Leste,NA,2025-05-01T00:00:00Z,2025,5,102
Timor-Leste,NA,2025-06-01T00:00:00Z,2025,6,0
Timor-Leste,NA,2025-07-01T00:00:00Z,2025,7,0
Timor-Leste,NA,2025-08-01T00:00:00Z,2025,8,0
Timor-Leste,NA,2025-09-01T00:00:00Z,2025,9,0
Timor-Leste,NA,2025-10-01T00:00:00Z,2025,10,0
Timor-Leste,NA,2025-11-01T00:00:00Z,2025,11,0
Timor-Leste,NA,2025-12-01T00:00:00Z,2025,12,0
Bangladesh,NA,2024-01-01T00:00:00Z,2024,1,1055
Bangladesh,NA,2024-02-01T00:00:00Z,2024,2,339
Bangladesh,NA,2024-03-01T00:00:00Z,2024,3,311
Bangladesh,NA,2024-04-01T00:00:00Z,2024,4,504
Bangladesh,NA,2024-05-01T00:00:00Z,2024,5,644
Bangladesh,NA,2024-06-01T00:00:00Z,2024,6,798
Bangladesh,NA,2024-07-01T00:00:00Z,2024,7,2669
Bangladesh,NA,2024-08-01T00:00:00Z,2024,8,6521
Bangladesh,NA,2024-09-01T00:00:00Z,2024,9,18097
Bangladesh,NA,2024-10-01T00:00:00Z,2024,10,30879
Bangladesh,NA,2024-11-01T00:00:00Z,2024,11,29652
Bangladesh,NA,2024-12-01T00:00:00Z,2024,12,9745
Bangladesh,NA,2025-01-01T00:00:00Z,2025,1,1161
Bangladesh,NA,2025-02-01T00:00:00Z,2025,2,374
Bangladesh,NA,2025-03-01T00:00:00Z,2025,3,336
Bangladesh,NA,2025-04-01T00:00:00Z,2025,4,701
Bangladesh,NA,2025-05-01T00:00:00Z,2025,5,1773
Bangladesh,NA,2025-06-01T00:00:00Z,2025,6,0
Bangladesh,NA,2025-07-01T00:00:00Z,2025,7,0
Bangladesh,NA,2025-08-01T00:00:00Z,2025,8,0
Bangladesh,NA,2025-09-01T00:00:00Z,2025,9,0
Bangladesh,NA,2025-10-01T00:00:00Z,2025,10,0
Bangladesh,NA,2025-11-01T00:00:00Z,2025,11,0
Bangladesh,NA,2025-12-01T00:00:00Z,2025,12,0
Bhutan,NA,2024-01-01T00:00:00Z,2024,1,0
Bhutan,NA,2024-02-01T00:00:00Z,2024,2,0
Bhutan,NA,2024-03-01T00:00:00Z,2024,3,0
Bhutan,NA,2024-04-01T00:00:00Z,2024,4,0
Bhutan,NA,2024-05-01T00:00:00Z,2024,5,0
Bhutan,NA,2024-06-01T00:00:00Z,2024,6,0
Bhutan,NA,2024-07-01T00:00:00Z,2024,7,2
Bhutan,NA,2024-08-01T00:00:00Z,2024,8,4
Bhutan,NA,2024-09-01T00:00:00Z,2024,9,1
Bhutan,NA,2024-10-01T00:00:00Z,2024,10,3
Bhutan,NA,2024-11-01T00:00:00Z,2024,11,4
Bhutan,NA,2024-12-01T00:00:00Z,2024,12,3
Bhutan,NA,2025-01-01T00:00:00Z,2025,1,2
Bhutan,NA,2025-02-01T00:00:00Z,2025,2,0
Bhutan,NA,2025-03-01T00:00:00Z,2025,3,1
Bhutan,NA,2025-04-01T00:00:00Z,2025,4,0
Bhutan,NA,2025-05-01T00:00:00Z,2025,5,1
Bhutan,NA,2025-06-01T00:00:00Z,2025,6,0
Bhutan,NA,2025-07-01T00:00:00Z,2025,7,0
Bhutan,NA,2025-08-01T00:00:00Z,2025,8,0
Bhutan,NA,2025-09-01T00:00:00Z,2025,9,0
Bhutan,NA,2025-10-01T00:00:00Z,2025,10,0
Bhutan,NA,2025-11-01T00:00:00Z,2025,11,0
Bhutan,NA,2025-12-01T00:00:00Z,2025,12,0
