country,date,year,month,cases,date_lab,who_region,who_region_long,iso3,confirmed_cases,severe_cases,deaths,cfr,prop_sev,cfr_ci_lower,cfr_ci_upper,prop_sev_ci_lower,prop_sev_ci_upper
Anguilla,2024-01-01T00:00:00Z,2024,Jan,NA,NA,NA,NA,NA,NA,NA,NA,NA,NA,NA,NA,NA,NA
Anguilla,2024-02-01T00:00:00Z,2024,Feb,NA,NA,NA,NA,NA,NA,NA,NA,NA,NA,NA,NA,NA,NA
Anguilla,2024-03-01T00:00:00Z,2024,Mar,NA,NA,NA,NA,NA,NA,NA,NA,NA,NA,NA,NA,NA,NA
Anguilla,2024-04-01T00:00:00Z,2024,Apr,NA,NA,NA,NA,NA,NA,NA,NA,NA,NA,NA,NA,NA,NA
Anguilla,2024-05-01T00:00:00Z,2024,May,NA,NA,NA,NA,NA,NA,NA,NA,NA,NA,NA,NA,NA,NA
Anguilla,2024-06-01T00:00:00Z,2024,Jun,NA,NA,NA,NA,NA,NA,NA,NA,NA,NA,NA,NA,NA,NA
Anguilla,2024-07-01T00:00:00Z,2024,Jul,NA,NA,NA,NA,NA,NA,NA,NA,NA,NA,NA,NA,NA,NA
Anguilla,2024-08-01T00:00:00Z,2024,Aug,NA,NA,NA,NA,NA,NA,NA,NA,NA,NA,NA,NA,NA,NA
Anguilla,2024-09-01T00:00:00Z,2024,Sep,NA,NA,NA,NA,NA,NA,NA,NA,NA,NA,NA,NA,NA,NA
Anguilla,2024-10-01T00:00:00Z,2024,Oct,0,NA,NA,NA,NA,NA,NA,NA,NA,NA,NA,NA,NA,NA
Anguilla,2024-11-01T00:00:00Z,2024,Nov,0,NA,NA,NA,NA,NA,NA,NA,NA,NA,NA,NA,NA,NA
Anguilla,2024-12-01T00:00:00Z,2024,Dec,0,NA,NA,NA,NA,NA,NA,NA,NA,NA,NA,NA,NA,NA
Anguilla,2025-01-01T00:00:00Z,2025,Jan,0,NA,NA,NA,NA,NA,NA,NA,NA,NA,NA,NA,NA,NA
Anguilla,2025-02-01T00:00:00Z,2025,Feb,0,NA,NA,NA,NA,NA,NA,NA,NA,NA,NA,NA,NA,NA
Anguilla,2025-03-01T00:00:00Z,2025,Mar,1.000001,NA,NA,NA,NA,NA,NA,NA,NA,NA,NA,NA,NA,NA
Anguilla,2025-04-01T00:00:00Z,2025,Apr,0,NA,NA,NA,NA,NA,NA,NA,NA,NA,NA,NA,NA,NA
Anguilla,2025-05-01T00:00:00Z,2025,May,0,NA,NA,NA,NA,NA,NA,NA,NA,NA,NA,NA,NA,NA
Antigua and Barbuda,2024-01-01T00:00:00Z,2024,Jan,41.000040999999996,NA,NA,NA,NA,NA,NA,NA,NA,NA,NA,NA,NA,NA
Antigua and Barbuda,2024-02-01T00:00:00Z,2024,Feb,NA,NA,NA,NA,NA,NA,NA,NA,NA,NA,NA,NA,NA,NA
Antigua and Barbuda,2024-03-01T00:00:00Z,2024,Mar,NA,NA,NA,NA,NA,NA,NA,NA,NA,NA,NA,NA,NA,NA
Antigua and Barbuda,2024-04-01T00:00:00Z,2024,Apr,74.000074,NA,NA,NA,NA,NA,NA,NA,NA,NA,NA,NA,NA,NA
Antigua and Barbuda,2024-05-01T00:00:00Z,2024,May,8.000007999999994,NA,NA,NA,NA,NA,NA,NA,NA,NA,NA,NA,NA,NA
Antigua and Barbuda,2024-06-01T00:00:00Z,2024,Jun,NA,NA,NA,NA,NA,NA,NA,NA,NA,NA,NA,NA,NA,NA
Antigua and Barbuda,2024-07-01T00:00:00Z,2024,Jul,NA,NA,NA,NA,NA,NA,NA,NA,NA,NA,NA,NA,NA,NA
Antigua and Barbuda,2024-08-01T00:00:00Z,2024,Aug,0,NA,NA,NA,NA,NA,NA,NA,NA,NA,NA,NA,NA,NA
Antigua and Barbuda,2024-09-01T00:00:00Z,2024,Sep,12.000011999999998,NA,NA,NA,NA,NA,NA,NA,NA,NA,NA,NA,NA,NA
Antigua and Barbuda,2024-10-01T00:00:00Z,2024,Oct,NA,NA,NA,NA,NA,NA,NA,NA,NA,NA,NA,NA,NA,NA
Antigua and Barbuda,2024-11-01T00:00:00Z,2024,Nov,NA,NA,NA,NA,NA,NA,NA,NA,NA,NA,NA,NA,NA,NA
Antigua and Barbuda,2024-12-01T00:00:00Z,2024,Dec,NA,NA,NA,NA,NA,NA,NA,NA,NA,NA,NA,NA,NA,NA
Antigua and Barbuda,2025-01-01T00:00:00Z,2025,Jan,0,NA,NA,NA,NA,NA,NA,NA,NA,NA,NA,NA,NA,NA
Antigua and Barbuda,2025-02-01T00:00:00Z,2025,Feb,0,NA,NA,NA,NA,NA,NA,NA,NA,NA,NA,NA,NA,NA
Antigua and Barbuda,2025-03-01T00:00:00Z,2025,Mar,2.000002,NA,NA,NA,NA,NA,NA,NA,NA,NA,NA,NA,NA,NA
Antigua and Barbuda,2025-04-01T00:00:00Z,2025,Apr,1.0000009999999997,NA,NA,NA,NA,NA,NA,NA,NA,NA,NA,NA,NA,NA
Antigua and Barbuda,2025-05-01T00:00:00Z,2025,May,32.999997,NA,NA,NA,NA,NA,NA,NA,NA,NA,NA,NA,NA,NA
Argentina,2024-01-01T00:00:00Z,2024,Jan,32998.032997999995,NA,NA,NA,NA,NA,NA,NA,NA,NA,NA,NA,NA,NA
Argentina,2024-02-01T00:00:00Z,2024,Feb,80049.080049,NA,NA,NA,NA,NA,NA,NA,NA,NA,NA,NA,NA,NA
Argentina,2024-03-01T00:00:00Z,2024,Mar,229735.22973499997,NA,NA,NA,NA,NA,NA,NA,NA,NA,NA,NA,NA,NA
Argentina,2024-04-01T00:00:00Z,2024,Apr,219577.219577,NA,NA,NA,NA,NA,NA,NA,NA,NA,NA,NA,NA,NA
Argentina,2024-05-01T00:00:00Z,2024,May,18003.018002999946,NA,NA,NA,NA,NA,NA,NA,NA,NA,NA,NA,NA,NA
Argentina,2024-06-01T00:00:00Z,2024,Jun,876.0008760000346,NA,NA,NA,NA,NA,NA,NA,NA,NA,NA,NA,NA,NA
Argentina,2024-07-01T00:00:00Z,2024,Jul,40.000039999955334,NA,NA,NA,NA,NA,NA,NA,NA,NA,NA,NA,NA,NA
Argentina,2024-08-01T00:00:00Z,2024,Aug,31.00003100000322,NA,NA,NA,NA,NA,NA,NA,NA,NA,NA,NA,NA,NA
Argentina,2024-09-01T00:00:00Z,2024,Sep,31.00003100000322,NA,NA,NA,NA,NA,NA,NA,NA,NA,NA,NA,NA,NA
Argentina,2024-10-01T00:00:00Z,2024,Oct,52.00005200004671,NA,NA,NA,NA,NA,NA,NA,NA,NA,NA,NA,NA,NA
Argentina,2024-11-01T00:00:00Z,2024,Nov,84.00008399994113,NA,NA,NA,NA,NA,NA,NA,NA,NA,NA,NA,NA,NA
Argentina,2024-12-01T00:00:00Z,2024,Dec,82.4185240000952,NA,NA,NA,NA,NA,NA,NA,NA,NA,NA,NA,NA,NA
Argentina,2025-01-01T00:00:00Z,2025,Jan,261,NA,NA,NA,NA,NA,NA,NA,NA,NA,NA,NA,NA,NA
Argentina,2025-02-01T00:00:00Z,2025,Feb,1689.7291666666615,NA,NA,NA,NA,NA,NA,NA,NA,NA,NA,NA,NA,NA
Argentina,2025-03-01T00:00:00Z,2025,Mar,9505.069185822573,NA,NA,NA,NA,NA,NA,NA,NA,NA,NA,NA,NA,NA
Argentina,2025-04-01T00:00:00Z,2025,Apr,6212.027790249276,NA,NA,NA,NA,NA,NA,NA,NA,NA,NA,NA,NA,NA
Argentina,2025-05-01T00:00:00Z,2025,May,4749.213384251925,NA,NA,NA,NA,NA,NA,NA,NA,NA,NA,NA,NA,NA
Argentina,2025-06-01T00:00:00Z,2025,Jun,-2574.591471534397,NA,NA,NA,NA,NA,NA,NA,NA,NA,NA,NA,NA,NA
Aruba,2024-01-01T00:00:00Z,2024,Jan,3.0000029999999995,NA,NA,NA,NA,NA,NA,NA,NA,NA,NA,NA,NA,NA
Aruba,2024-02-01T00:00:00Z,2024,Feb,6.000005999999999,NA,NA,NA,NA,NA,NA,NA,NA,NA,NA,NA,NA,NA
Aruba,2024-03-01T00:00:00Z,2024,Mar,7.000007,NA,NA,NA,NA,NA,NA,NA,NA,NA,NA,NA,NA,NA
Aruba,2024-04-01T00:00:00Z,2024,Apr,NA,NA,NA,NA,NA,NA,NA,NA,NA,NA,NA,NA,NA,NA
Aruba,2024-05-01T00:00:00Z,2024,May,NA,NA,NA,NA,NA,NA,NA,NA,NA,NA,NA,NA,NA,NA
Aruba,2024-06-01T00:00:00Z,2024,Jun,NA,NA,NA,NA,NA,NA,NA,NA,NA,NA,NA,NA,NA,NA
Aruba,2024-07-01T00:00:00Z,2024,Jul,NA,NA,NA,NA,NA,NA,NA,NA,NA,NA,NA,NA,NA,NA
Aruba,2024-08-01T00:00:00Z,2024,Aug,0,NA,NA,NA,NA,NA,NA,NA,NA,NA,NA,NA,NA,NA
Aruba,2024-09-01T00:00:00Z,2024,Sep,3.0000029999999924,NA,NA,NA,NA,NA,NA,NA,NA,NA,NA,NA,NA,NA
Aruba,2024-10-01T00:00:00Z,2024,Oct,4.000004000000004,NA,NA,NA,NA,NA,NA,NA,NA,NA,NA,NA,NA,NA
Aruba,2024-11-01T00:00:00Z,2024,Nov,NA,NA,NA,NA,NA,NA,NA,NA,NA,NA,NA,NA,NA,NA
Aruba,2024-12-01T00:00:00Z,2024,Dec,NA,NA,NA,NA,NA,NA,NA,NA,NA,NA,NA,NA,NA,NA
Aruba,2025-01-01T00:00:00Z,2025,Jan,0,NA,NA,NA,NA,NA,NA,NA,NA,NA,NA,NA,NA,NA
Aruba,2025-02-01T00:00:00Z,2025,Feb,2,NA,NA,NA,NA,NA,NA,NA,NA,NA,NA,NA,NA,NA
Aruba,2025-03-01T00:00:00Z,2025,Mar,0,NA,NA,NA,NA,NA,NA,NA,NA,NA,NA,NA,NA,NA
Aruba,2025-04-01T00:00:00Z,2025,Apr,2.1538461538461604,NA,NA,NA,NA,NA,NA,NA,NA,NA,NA,NA,NA,NA
Aruba,2025-05-01T00:00:00Z,2025,May,2.290454161498359,NA,NA,NA,NA,NA,NA,NA,NA,NA,NA,NA,NA,NA
Bahamas,2024-01-01T00:00:00Z,2024,Jan,0,NA,NA,NA,NA,NA,NA,NA,NA,NA,NA,NA,NA,NA
Bahamas,2024-02-01T00:00:00Z,2024,Feb,0,NA,NA,NA,NA,NA,NA,NA,NA,NA,NA,NA,NA,NA
Barbados,2024-01-01T00:00:00Z,2024,Jan,373.00037299999997,NA,NA,NA,NA,NA,NA,NA,NA,NA,NA,NA,NA,NA
Barbados,2024-02-01T00:00:00Z,2024,Feb,386.00038599999993,NA,NA,NA,NA,NA,NA,NA,NA,NA,NA,NA,NA,NA
Barbados,2024-03-01T00:00:00Z,2024,Mar,214.00021400000003,NA,NA,NA,NA,NA,NA,NA,NA,NA,NA,NA,NA,NA
Barbados,2024-04-01T00:00:00Z,2024,Apr,51.000050999999985,NA,NA,NA,NA,NA,NA,NA,NA,NA,NA,NA,NA,NA
Barbados,2024-05-01T00:00:00Z,2024,May,15.000015000000076,NA,NA,NA,NA,NA,NA,NA,NA,NA,NA,NA,NA,NA
Barbados,2024-06-01T00:00:00Z,2024,Jun,5.000004999999874,NA,NA,NA,NA,NA,NA,NA,NA,NA,NA,NA,NA,NA
Barbados,2024-07-01T00:00:00Z,2024,Jul,11.000011000000086,NA,NA,NA,NA,NA,NA,NA,NA,NA,NA,NA,NA,NA
Barbados,2024-08-01T00:00:00Z,2024,Aug,19.000019000000066,NA,NA,NA,NA,NA,NA,NA,NA,NA,NA,NA,NA,NA
Barbados,2024-09-01T00:00:00Z,2024,Sep,15.000014999999848,NA,NA,NA,NA,NA,NA,NA,NA,NA,NA,NA,NA,NA
Barbados,2024-10-01T00:00:00Z,2024,Oct,17.00001700000007,NA,NA,NA,NA,NA,NA,NA,NA,NA,NA,NA,NA,NA
Barbados,2024-11-01T00:00:00Z,2024,Nov,11.000010999999859,NA,NA,NA,NA,NA,NA,NA,NA,NA,NA,NA,NA,NA
Barbados,2024-12-01T00:00:00Z,2024,Dec,1286.2565078679927,NA,NA,NA,NA,NA,NA,NA,NA,NA,NA,NA,NA,NA
Barbados,2025-01-01T00:00:00Z,2025,Jan,78.36710207979016,NA,NA,NA,NA,NA,NA,NA,NA,NA,NA,NA,NA,NA
Barbados,2025-02-01T00:00:00Z,2025,Feb,69.92970315646733,NA,NA,NA,NA,NA,NA,NA,NA,NA,NA,NA,NA,NA
Barbados,2025-03-01T00:00:00Z,2025,Mar,73.03944418088855,NA,NA,NA,NA,NA,NA,NA,NA,NA,NA,NA,NA,NA
Barbados,2025-04-01T00:00:00Z,2025,Apr,114.78742924308048,NA,NA,NA,NA,NA,NA,NA,NA,NA,NA,NA,NA,NA
Barbados,2025-05-01T00:00:00Z,2025,May,243.18831455165576,NA,NA,NA,NA,NA,NA,NA,NA,NA,NA,NA,NA,NA
Barbados,2025-06-01T00:00:00Z,2025,Jun,500.0933644658296,NA,NA,NA,NA,NA,NA,NA,NA,NA,NA,NA,NA,NA
Belize,2024-01-01T00:00:00Z,2024,Jan,73.000073,NA,NA,NA,NA,NA,NA,NA,NA,NA,NA,NA,NA,NA
Belize,2024-02-01T00:00:00Z,2024,Feb,72.00007199999997,NA,NA,NA,NA,NA,NA,NA,NA,NA,NA,NA,NA,NA
Belize,2024-03-01T00:00:00Z,2024,Mar,39.000039000000015,NA,NA,NA,NA,NA,NA,NA,NA,NA,NA,NA,NA,NA
Belize,2024-04-01T00:00:00Z,2024,Apr,53.00005299999998,NA,NA,NA,NA,NA,NA,NA,NA,NA,NA,NA,NA,NA
Belize,2024-05-01T00:00:00Z,2024,May,66.000066,NA,NA,NA,NA,NA,NA,NA,NA,NA,NA,NA,NA,NA
Belize,2024-06-01T00:00:00Z,2024,Jun,71.00007099999999,NA,NA,NA,NA,NA,NA,NA,NA,NA,NA,NA,NA,NA
Belize,2024-07-01T00:00:00Z,2024,Jul,147.00014699999997,NA,NA,NA,NA,NA,NA,NA,NA,NA,NA,NA,NA,NA
Belize,2024-08-01T00:00:00Z,2024,Aug,315.000315,NA,NA,NA,NA,NA,NA,NA,NA,NA,NA,NA,NA,NA
Belize,2024-09-01T00:00:00Z,2024,Sep,180.00018,NA,NA,NA,NA,NA,NA,NA,NA,NA,NA,NA,NA,NA
Belize,2024-10-01T00:00:00Z,2024,Oct,78.00007800000003,NA,NA,NA,NA,NA,NA,NA,NA,NA,NA,NA,NA,NA
Belize,2024-11-01T00:00:00Z,2024,Nov,54.000053999999864,NA,NA,NA,NA,NA,NA,NA,NA,NA,NA,NA,NA,NA
Belize,2024-12-01T00:00:00Z,2024,Dec,NA,NA,NA,NA,NA,NA,NA,NA,NA,NA,NA,NA,NA,NA
Belize,2025-01-01T00:00:00Z,2025,Jan,893.0462043242718,NA,NA,NA,NA,NA,NA,NA,NA,NA,NA,NA,NA,NA
Belize,2025-02-01T00:00:00Z,2025,Feb,1109.377022766887,NA,NA,NA,NA,NA,NA,NA,NA,NA,NA,NA,NA,NA
Belize,2025-03-01T00:00:00Z,2025,Mar,1742.0458272985875,NA,NA,NA,NA,NA,NA,NA,NA,NA,NA,NA,NA,NA
Belize,2025-04-01T00:00:00Z,2025,Apr,1087.6802804940785,NA,NA,NA,NA,NA,NA,NA,NA,NA,NA,NA,NA,NA
Bermuda,2024-01-01T00:00:00Z,2024,Jan,0,NA,NA,NA,NA,NA,NA,NA,NA,NA,NA,NA,NA,NA
Bermuda,2024-02-01T00:00:00Z,2024,Feb,0,NA,NA,NA,NA,NA,NA,NA,NA,NA,NA,NA,NA,NA
Bermuda,2024-03-01T00:00:00Z,2024,Mar,0,NA,NA,NA,NA,NA,NA,NA,NA,NA,NA,NA,NA,NA
Bermuda,2024-04-01T00:00:00Z,2024,Apr,0,NA,NA,NA,NA,NA,NA,NA,NA,NA,NA,NA,NA,NA
Bermuda,2024-05-01T00:00:00Z,2024,May,0,NA,NA,NA,NA,NA,NA,NA,NA,NA,NA,NA,NA,NA
Bermuda,2024-06-01T00:00:00Z,2024,Jun,0,NA,NA,NA,NA,NA,NA,NA,NA,NA,NA,NA,NA,NA
Bermuda,2024-07-01T00:00:00Z,2024,Jul,0,NA,NA,NA,NA,NA,NA,NA,NA,NA,NA,NA,NA,NA
Bermuda,2024-08-01T00:00:00Z,2024,Aug,1.000001,NA,NA,NA,NA,NA,NA,NA,NA,NA,NA,NA,NA,NA
Bermuda,2024-09-01T00:00:00Z,2024,Sep,0,NA,NA,NA,NA,NA,NA,NA,NA,NA,NA,NA,NA,NA
Bermuda,2024-10-01T00:00:00Z,2024,Oct,0,NA,NA,NA,NA,NA,NA,NA,NA,NA,NA,NA,NA,NA
Bermuda,2024-11-01T00:00:00Z,2024,Nov,NA,NA,NA,NA,NA,NA,NA,NA,NA,NA,NA,NA,NA,NA
Bermuda,2024-12-01T00:00:00Z,2024,Dec,NA,NA,NA,NA,NA,NA,NA,NA,NA,NA,NA,NA,NA,NA
Bermuda,2025-01-01T00:00:00Z,2025,Jan,0,NA,NA,NA,NA,NA,NA,NA,NA,NA,NA,NA,NA,NA
Bermuda,2025-02-01T00:00:00Z,2025,Feb,0,NA,NA,NA,NA,NA,NA,NA,NA,NA,NA,NA,NA,NA
Bermuda,2025-03-01T00:00:00Z,2025,Mar,0,NA,NA,NA,NA,NA,NA,NA,NA,NA,NA,NA,NA,NA
Bermuda,2025-04-01T00:00:00Z,2025,Apr,0,NA,NA,NA,NA,NA,NA,NA,NA,NA,NA,NA,NA,NA
Bermuda,2025-05-01T00:00:00Z,2025,May,0,NA,NA,NA,NA,NA,NA,NA,NA,NA,NA,NA,NA,NA
Bolivia,2024-01-01T00:00:00Z,2024,Jan,7720.00772,NA,NA,NA,NA,NA,NA,NA,NA,NA,NA,NA,NA,NA
Bolivia,2024-02-01T00:00:00Z,2024,Feb,5811.005810999999,NA,NA,NA,NA,NA,NA,NA,NA,NA,NA,NA,NA,NA
Bolivia,2024-03-01T00:00:00Z,2024,Mar,9096.009096,NA,NA,NA,NA,NA,NA,NA,NA,NA,NA,NA,NA,NA
Bolivia,2024-04-01T00:00:00Z,2024,Apr,11015.011014999996,NA,NA,NA,NA,NA,NA,NA,NA,NA,NA,NA,NA,NA
Bolivia,2024-05-01T00:00:00Z,2024,May,5513.005513000004,NA,NA,NA,NA,NA,NA,NA,NA,NA,NA,NA,NA,NA
Bolivia,2024-06-01T00:00:00Z,2024,Jun,1909.0019089999987,NA,NA,NA,NA,NA,NA,NA,NA,NA,NA,NA,NA,NA
Bolivia,2024-07-01T00:00:00Z,2024,Jul,886.0008860000016,NA,NA,NA,NA,NA,NA,NA,NA,NA,NA,NA,NA,NA
Bolivia,2024-08-01T00:00:00Z,2024,Aug,802.000801999995,NA,NA,NA,NA,NA,NA,NA,NA,NA,NA,NA,NA,NA
Bolivia,2024-09-01T00:00:00Z,2024,Sep,1338.0013380000019,NA,NA,NA,NA,NA,NA,NA,NA,NA,NA,NA,NA,NA
Bolivia,2024-10-01T00:00:00Z,2024,Oct,1415.0014149999988,NA,NA,NA,NA,NA,NA,NA,NA,NA,NA,NA,NA,NA
Bolivia,2024-11-01T00:00:00Z,2024,Nov,2085.002085,NA,NA,NA,NA,NA,NA,NA,NA,NA,NA,NA,NA,NA
Bolivia,2024-12-01T00:00:00Z,2024,Dec,2854.109487803864,NA,NA,NA,NA,NA,NA,NA,NA,NA,NA,NA,NA,NA
Bolivia,2025-01-01T00:00:00Z,2025,Jan,4153.5070095568,NA,NA,NA,NA,NA,NA,NA,NA,NA,NA,NA,NA,NA
Bolivia,2025-02-01T00:00:00Z,2025,Feb,3395.24393687266,NA,NA,NA,NA,NA,NA,NA,NA,NA,NA,NA,NA,NA
Bolivia,2025-03-01T00:00:00Z,2025,Mar,5791.888437868794,NA,NA,NA,NA,NA,NA,NA,NA,NA,NA,NA,NA,NA
Bolivia,2025-04-01T00:00:00Z,2025,Apr,4273.09364535012,NA,NA,NA,NA,NA,NA,NA,NA,NA,NA,NA,NA,NA
Bolivia,2025-05-01T00:00:00Z,2025,May,3460.7095112076095,NA,NA,NA,NA,NA,NA,NA,NA,NA,NA,NA,NA,NA
"Bonaire, Sint Eustatius and Saba",2024-01-01T00:00:00Z,2024,Jan,89.00008899999999,NA,NA,NA,NA,NA,NA,NA,NA,NA,NA,NA,NA,NA
"Bonaire, Sint Eustatius and Saba",2024-02-01T00:00:00Z,2024,Feb,63.000063,NA,NA,NA,NA,NA,NA,NA,NA,NA,NA,NA,NA,NA
"Bonaire, Sint Eustatius and Saba",2024-03-01T00:00:00Z,2024,Mar,55.000055,NA,NA,NA,NA,NA,NA,NA,NA,NA,NA,NA,NA,NA
Brazil,2024-01-01T00:00:00Z,2024,Jan,780293.7802929999,NA,NA,NA,NA,NA,NA,NA,NA,NA,NA,NA,NA,NA
Brazil,2024-02-01T00:00:00Z,2024,Feb,1717471.71747,NA,NA,NA,NA,NA,NA,NA,NA,NA,NA,NA,NA,NA
Brazil,2024-03-01T00:00:00Z,2024,Mar,2294461.2944589998,NA,NA,NA,NA,NA,NA,NA,NA,NA,NA,NA,NA,NA
Brazil,2024-04-01T00:00:00Z,2024,Apr,2730186.730184,NA,NA,NA,NA,NA,NA,NA,NA,NA,NA,NA,NA,NA
Brazil,2024-05-01T00:00:00Z,2024,May,1393612.393611,NA,NA,NA,NA,NA,NA,NA,NA,NA,NA,NA,NA,NA
Brazil,2024-06-01T00:00:00Z,2024,Jun,508183.50818299875,NA,NA,NA,NA,NA,NA,NA,NA,NA,NA,NA,NA,NA
Brazil,2024-07-01T00:00:00Z,2024,Jul,224815.2248150017,NA,NA,NA,NA,NA,NA,NA,NA,NA,NA,NA,NA,NA
Brazil,2024-08-01T00:00:00Z,2024,Aug,112171.11217099987,NA,NA,NA,NA,NA,NA,NA,NA,NA,NA,NA,NA,NA
Brazil,2024-09-01T00:00:00Z,2024,Sep,132175.13217499852,NA,NA,NA,NA,NA,NA,NA,NA,NA,NA,NA,NA,NA
Brazil,2024-10-01T00:00:00Z,2024,Oct,102456.10245600156,NA,NA,NA,NA,NA,NA,NA,NA,NA,NA,NA,NA,NA
Brazil,2024-11-01T00:00:00Z,2024,Nov,130569.1305689998,NA,NA,NA,NA,NA,NA,NA,NA,NA,NA,NA,NA,NA
Brazil,2024-12-01T00:00:00Z,2024,Dec,172023.4145500958,NA,NA,NA,NA,NA,NA,NA,NA,NA,NA,NA,NA,NA
Brazil,2025-01-01T00:00:00Z,2025,Jan,456644.8879248852,NA,NA,NA,NA,NA,NA,NA,NA,NA,NA,NA,NA,NA
Brazil,2025-02-01T00:00:00Z,2025,Feb,562993.2607529792,NA,NA,NA,NA,NA,NA,NA,NA,NA,NA,NA,NA,NA
Brazil,2025-03-01T00:00:00Z,2025,Mar,855827.5754674505,NA,NA,NA,NA,NA,NA,NA,NA,NA,NA,NA,NA,NA
Brazil,2025-04-01T00:00:00Z,2025,Apr,608346.5623781027,NA,NA,NA,NA,NA,NA,NA,NA,NA,NA,NA,NA,NA
Brazil,2025-05-01T00:00:00Z,2025,May,555050.6431308351,NA,NA,NA,NA,NA,NA,NA,NA,NA,NA,NA,NA,NA
Brazil,2025-06-01T00:00:00Z,2025,Jun,196835.17162207887,NA,NA,NA,NA,NA,NA,NA,NA,NA,NA,NA,NA,NA
British Virgin Islands,2024-01-01T00:00:00Z,2024,Jan,NA,NA,NA,NA,NA,NA,NA,NA,NA,NA,NA,NA,NA,NA
British Virgin Islands,2024-02-01T00:00:00Z,2024,Feb,NA,NA,NA,NA,NA,NA,NA,NA,NA,NA,NA,NA,NA,NA
British Virgin Islands,2024-03-01T00:00:00Z,2024,Mar,NA,NA,NA,NA,NA,NA,NA,NA,NA,NA,NA,NA,NA,NA
British Virgin Islands,2024-04-01T00:00:00Z,2024,Apr,NA,NA,NA,NA,NA,NA,NA,NA,NA,NA,NA,NA,NA,NA
British Virgin Islands,2024-05-01T00:00:00Z,2024,May,NA,NA,NA,NA,NA,NA,NA,NA,NA,NA,NA,NA,NA,NA
British Virgin Islands,2024-06-01T00:00:00Z,2024,Jun,NA,NA,NA,NA,NA,NA,NA,NA,NA,NA,NA,NA,NA,NA
British Virgin Islands,2024-07-01T00:00:00Z,2024,Jul,12.000011999999998,NA,NA,NA,NA,NA,NA,NA,NA,NA,NA,NA,NA,NA
British Virgin Islands,2024-08-01T00:00:00Z,2024,Aug,9.000009000000002,NA,NA,NA,NA,NA,NA,NA,NA,NA,NA,NA,NA,NA
British Virgin Islands,2024-09-01T00:00:00Z,2024,Sep,49.000049000000004,NA,NA,NA,NA,NA,NA,NA,NA,NA,NA,NA,NA,NA
British Virgin Islands,2024-10-01T00:00:00Z,2024,Oct,8.000007999999994,NA,NA,NA,NA,NA,NA,NA,NA,NA,NA,NA,NA,NA
British Virgin Islands,2024-11-01T00:00:00Z,2024,Nov,52.000052,NA,NA,NA,NA,NA,NA,NA,NA,NA,NA,NA,NA,NA
British Virgin Islands,2024-12-01T00:00:00Z,2024,Dec,NA,NA,NA,NA,NA,NA,NA,NA,NA,NA,NA,NA,NA,NA
British Virgin Islands,2025-01-01T00:00:00Z,2025,Jan,11.000010999999999,NA,NA,NA,NA,NA,NA,NA,NA,NA,NA,NA,NA,NA
British Virgin Islands,2025-02-01T00:00:00Z,2025,Feb,4.000004000000001,NA,NA,NA,NA,NA,NA,NA,NA,NA,NA,NA,NA,NA
British Virgin Islands,2025-03-01T00:00:00Z,2025,Mar,6.000005999999997,NA,NA,NA,NA,NA,NA,NA,NA,NA,NA,NA,NA,NA
British Virgin Islands,2025-04-01T00:00:00Z,2025,Apr,4.000004000000001,NA,NA,NA,NA,NA,NA,NA,NA,NA,NA,NA,NA,NA
British Virgin Islands,2025-05-01T00:00:00Z,2025,May,1.000001000000001,NA,NA,NA,NA,NA,NA,NA,NA,NA,NA,NA,NA,NA
Canada,2024-01-01T00:00:00Z,2024,Jan,0,NA,NA,NA,NA,NA,NA,NA,NA,NA,NA,NA,NA,NA
Canada,2024-02-01T00:00:00Z,2024,Feb,0,NA,NA,NA,NA,NA,NA,NA,NA,NA,NA,NA,NA,NA
Canada,2024-03-01T00:00:00Z,2024,Mar,0,NA,NA,NA,NA,NA,NA,NA,NA,NA,NA,NA,NA,NA
Canada,2024-04-01T00:00:00Z,2024,Apr,0,NA,NA,NA,NA,NA,NA,NA,NA,NA,NA,NA,NA,NA
Canada,2024-05-01T00:00:00Z,2024,May,0,NA,NA,NA,NA,NA,NA,NA,NA,NA,NA,NA,NA,NA
Canada,2024-06-01T00:00:00Z,2024,Jun,0,NA,NA,NA,NA,NA,NA,NA,NA,NA,NA,NA,NA,NA
Canada,2024-07-01T00:00:00Z,2024,Jul,0,NA,NA,NA,NA,NA,NA,NA,NA,NA,NA,NA,NA,NA
Canada,2024-08-01T00:00:00Z,2024,Aug,0,NA,NA,NA,NA,NA,NA,NA,NA,NA,NA,NA,NA,NA
Canada,2024-09-01T00:00:00Z,2024,Sep,0,NA,NA,NA,NA,NA,NA,NA,NA,NA,NA,NA,NA,NA
Canada,2024-10-01T00:00:00Z,2024,Oct,0,NA,NA,NA,NA,NA,NA,NA,NA,NA,NA,NA,NA,NA
Canada,2024-11-01T00:00:00Z,2024,Nov,0,NA,NA,NA,NA,NA,NA,NA,NA,NA,NA,NA,NA,NA
Canada,2024-12-01T00:00:00Z,2024,Dec,0,NA,NA,NA,NA,NA,NA,NA,NA,NA,NA,NA,NA,NA
Canada,2025-01-01T00:00:00Z,2025,Jan,0,NA,NA,NA,NA,NA,NA,NA,NA,NA,NA,NA,NA,NA
Canada,2025-02-01T00:00:00Z,2025,Feb,0,NA,NA,NA,NA,NA,NA,NA,NA,NA,NA,NA,NA,NA
Canada,2025-03-01T00:00:00Z,2025,Mar,0,NA,NA,NA,NA,NA,NA,NA,NA,NA,NA,NA,NA,NA
Canada,2025-04-01T00:00:00Z,2025,Apr,0,NA,NA,NA,NA,NA,NA,NA,NA,NA,NA,NA,NA,NA
Canada,2025-05-01T00:00:00Z,2025,May,0,NA,NA,NA,NA,NA,NA,NA,NA,NA,NA,NA,NA,NA
Canada,2025-06-01T00:00:00Z,2025,Jun,0,NA,NA,NA,NA,NA,NA,NA,NA,NA,NA,NA,NA,NA
Cayman Islands,2024-01-01T00:00:00Z,2024,Jan,0,NA,NA,NA,NA,NA,NA,NA,NA,NA,NA,NA,NA,NA
Cayman Islands,2024-02-01T00:00:00Z,2024,Feb,3.0000029999999995,NA,NA,NA,NA,NA,NA,NA,NA,NA,NA,NA,NA,NA
Cayman Islands,2024-03-01T00:00:00Z,2024,Mar,0,NA,NA,NA,NA,NA,NA,NA,NA,NA,NA,NA,NA,NA
Cayman Islands,2024-04-01T00:00:00Z,2024,Apr,0,NA,NA,NA,NA,NA,NA,NA,NA,NA,NA,NA,NA,NA
Cayman Islands,2024-05-01T00:00:00Z,2024,May,0,NA,NA,NA,NA,NA,NA,NA,NA,NA,NA,NA,NA,NA
Cayman Islands,2024-06-01T00:00:00Z,2024,Jun,0,NA,NA,NA,NA,NA,NA,NA,NA,NA,NA,NA,NA,NA
Cayman Islands,2024-07-01T00:00:00Z,2024,Jul,2.0000020000000003,NA,NA,NA,NA,NA,NA,NA,NA,NA,NA,NA,NA,NA
Cayman Islands,2024-08-01T00:00:00Z,2024,Aug,0,NA,NA,NA,NA,NA,NA,NA,NA,NA,NA,NA,NA,NA
Cayman Islands,2024-09-01T00:00:00Z,2024,Sep,3.0000029999999995,NA,NA,NA,NA,NA,NA,NA,NA,NA,NA,NA,NA,NA
Cayman Islands,2024-10-01T00:00:00Z,2024,Oct,NA,NA,NA,NA,NA,NA,NA,NA,NA,NA,NA,NA,NA,NA
Cayman Islands,2024-11-01T00:00:00Z,2024,Nov,NA,NA,NA,NA,NA,NA,NA,NA,NA,NA,NA,NA,NA,NA
Cayman Islands,2024-12-01T00:00:00Z,2024,Dec,NA,NA,NA,NA,NA,NA,NA,NA,NA,NA,NA,NA,NA,NA
Cayman Islands,2025-01-01T00:00:00Z,2025,Jan,0,NA,NA,NA,NA,NA,NA,NA,NA,NA,NA,NA,NA,NA
Cayman Islands,2025-02-01T00:00:00Z,2025,Feb,0,NA,NA,NA,NA,NA,NA,NA,NA,NA,NA,NA,NA,NA
Cayman Islands,2025-03-01T00:00:00Z,2025,Mar,0,NA,NA,NA,NA,NA,NA,NA,NA,NA,NA,NA,NA,NA
Cayman Islands,2025-04-01T00:00:00Z,2025,Apr,0,NA,NA,NA,NA,NA,NA,NA,NA,NA,NA,NA,NA,NA
Chile,2024-01-01T00:00:00Z,2024,Jan,0,NA,NA,NA,NA,NA,NA,NA,NA,NA,NA,NA,NA,NA
Chile,2024-02-01T00:00:00Z,2024,Feb,0,NA,NA,NA,NA,NA,NA,NA,NA,NA,NA,NA,NA,NA
Chile,2024-03-01T00:00:00Z,2024,Mar,37.000037,NA,NA,NA,NA,NA,NA,NA,NA,NA,NA,NA,NA,NA
Chile,2024-04-01T00:00:00Z,2024,Apr,95.00009499999999,NA,NA,NA,NA,NA,NA,NA,NA,NA,NA,NA,NA,NA
Chile,2024-05-01T00:00:00Z,2024,May,19.00001900000001,NA,NA,NA,NA,NA,NA,NA,NA,NA,NA,NA,NA,NA
Chile,2024-06-01T00:00:00Z,2024,Jun,6.000005999999985,NA,NA,NA,NA,NA,NA,NA,NA,NA,NA,NA,NA,NA
Chile,2024-07-01T00:00:00Z,2024,Jul,0,NA,NA,NA,NA,NA,NA,NA,NA,NA,NA,NA,NA,NA
Chile,2024-08-01T00:00:00Z,2024,Aug,0,NA,NA,NA,NA,NA,NA,NA,NA,NA,NA,NA,NA,NA
Chile,2024-09-01T00:00:00Z,2024,Sep,0,NA,NA,NA,NA,NA,NA,NA,NA,NA,NA,NA,NA,NA
Chile,2024-10-01T00:00:00Z,2024,Oct,0,NA,NA,NA,NA,NA,NA,NA,NA,NA,NA,NA,NA,NA
Chile,2024-11-01T00:00:00Z,2024,Nov,0,NA,NA,NA,NA,NA,NA,NA,NA,NA,NA,NA,NA,NA
Chile,2024-12-01T00:00:00Z,2024,Dec,0,NA,NA,NA,NA,NA,NA,NA,NA,NA,NA,NA,NA,NA
Chile,2025-01-01T00:00:00Z,2025,Jan,0,NA,NA,NA,NA,NA,NA,NA,NA,NA,NA,NA,NA,NA
Chile,2025-02-01T00:00:00Z,2025,Feb,0,NA,NA,NA,NA,NA,NA,NA,NA,NA,NA,NA,NA,NA
Chile,2025-03-01T00:00:00Z,2025,Mar,0,NA,NA,NA,NA,NA,NA,NA,NA,NA,NA,NA,NA,NA
Chile,2025-04-01T00:00:00Z,2025,Apr,0,NA,NA,NA,NA,NA,NA,NA,NA,NA,NA,NA,NA,NA
Chile,2025-05-01T00:00:00Z,2025,May,0,NA,NA,NA,NA,NA,NA,NA,NA,NA,NA,NA,NA,NA
Chile,2025-06-01T00:00:00Z,2025,Jun,0,NA,NA,NA,NA,NA,NA,NA,NA,NA,NA,NA,NA,NA
Colombia,2024-01-01T00:00:00Z,2024,Jan,27649.027648999996,NA,NA,NA,NA,NA,NA,NA,NA,NA,NA,NA,NA,NA
Colombia,2024-02-01T00:00:00Z,2024,Feb,27691.027691000003,NA,NA,NA,NA,NA,NA,NA,NA,NA,NA,NA,NA,NA
Colombia,2024-03-01T00:00:00Z,2024,Mar,27938.027937999992,NA,NA,NA,NA,NA,NA,NA,NA,NA,NA,NA,NA,NA
Colombia,2024-04-01T00:00:00Z,2024,Apr,45603.04560299999,NA,NA,NA,NA,NA,NA,NA,NA,NA,NA,NA,NA,NA
Colombia,2024-05-01T00:00:00Z,2024,May,37453.037453,NA,NA,NA,NA,NA,NA,NA,NA,NA,NA,NA,NA,NA
Colombia,2024-06-01T00:00:00Z,2024,Jun,35350.03534999999,NA,NA,NA,NA,NA,NA,NA,NA,NA,NA,NA,NA,NA
Colombia,2024-07-01T00:00:00Z,2024,Jul,35951.035951,NA,NA,NA,NA,NA,NA,NA,NA,NA,NA,NA,NA,NA
Colombia,2024-08-01T00:00:00Z,2024,Aug,20510.020510000002,NA,NA,NA,NA,NA,NA,NA,NA,NA,NA,NA,NA,NA
Colombia,2024-09-01T00:00:00Z,2024,Sep,20870.020870000008,NA,NA,NA,NA,NA,NA,NA,NA,NA,NA,NA,NA,NA
Colombia,2024-10-01T00:00:00Z,2024,Oct,14547.014546999999,NA,NA,NA,NA,NA,NA,NA,NA,NA,NA,NA,NA,NA
Colombia,2024-11-01T00:00:00Z,2024,Nov,14580.014580000017,NA,NA,NA,NA,NA,NA,NA,NA,NA,NA,NA,NA,NA
Colombia,2024-12-01T00:00:00Z,2024,Dec,12839.691858000006,NA,NA,NA,NA,NA,NA,NA,NA,NA,NA,NA,NA,NA
Colombia,2025-01-01T00:00:00Z,2025,Jan,19794,NA,NA,NA,NA,NA,NA,NA,NA,NA,NA,NA,NA,NA
Colombia,2025-02-01T00:00:00Z,2025,Feb,14705,NA,NA,NA,NA,NA,NA,NA,NA,NA,NA,NA,NA,NA
Colombia,2025-03-01T00:00:00Z,2025,Mar,16984,NA,NA,NA,NA,NA,NA,NA,NA,NA,NA,NA,NA,NA
Colombia,2025-04-01T00:00:00Z,2025,Apr,13301,NA,NA,NA,NA,NA,NA,NA,NA,NA,NA,NA,NA,NA
Colombia,2025-05-01T00:00:00Z,2025,May,11614,NA,NA,NA,NA,NA,NA,NA,NA,NA,NA,NA,NA,NA
Colombia,2025-06-01T00:00:00Z,2025,Jun,5684.257412420557,NA,NA,NA,NA,NA,NA,NA,NA,NA,NA,NA,NA,NA
Costa Rica,2024-01-01T00:00:00Z,2024,Jan,3492.003492,NA,NA,NA,NA,NA,NA,NA,NA,NA,NA,NA,NA,NA
Costa Rica,2024-02-01T00:00:00Z,2024,Feb,1634.0016340000002,NA,NA,NA,NA,NA,NA,NA,NA,NA,NA,NA,NA,NA
Costa Rica,2024-03-01T00:00:00Z,2024,Mar,961.0009609999997,NA,NA,NA,NA,NA,NA,NA,NA,NA,NA,NA,NA,NA
Costa Rica,2024-04-01T00:00:00Z,2024,Apr,1116.0011159999995,NA,NA,NA,NA,NA,NA,NA,NA,NA,NA,NA,NA,NA
Costa Rica,2024-05-01T00:00:00Z,2024,May,1422.0014219999994,NA,NA,NA,NA,NA,NA,NA,NA,NA,NA,NA,NA,NA
Costa Rica,2024-06-01T00:00:00Z,2024,Jun,2813.002813000001,NA,NA,NA,NA,NA,NA,NA,NA,NA,NA,NA,NA,NA
Costa Rica,2024-07-01T00:00:00Z,2024,Jul,4683.004682999999,NA,NA,NA,NA,NA,NA,NA,NA,NA,NA,NA,NA,NA
Costa Rica,2024-08-01T00:00:00Z,2024,Aug,4533.004533000001,NA,NA,NA,NA,NA,NA,NA,NA,NA,NA,NA,NA,NA
Costa Rica,2024-09-01T00:00:00Z,2024,Sep,5176.005175999999,NA,NA,NA,NA,NA,NA,NA,NA,NA,NA,NA,NA,NA
Costa Rica,2024-10-01T00:00:00Z,2024,Oct,2741.0027410000002,NA,NA,NA,NA,NA,NA,NA,NA,NA,NA,NA,NA,NA
Costa Rica,2024-11-01T00:00:00Z,2024,Nov,1714.0017139999982,NA,NA,NA,NA,NA,NA,NA,NA,NA,NA,NA,NA,NA
Costa Rica,2024-12-01T00:00:00Z,2024,Dec,872.1364710650232,NA,NA,NA,NA,NA,NA,NA,NA,NA,NA,NA,NA,NA
Costa Rica,2025-01-01T00:00:00Z,2025,Jan,631.0916450799389,NA,NA,NA,NA,NA,NA,NA,NA,NA,NA,NA,NA,NA
Costa Rica,2025-02-01T00:00:00Z,2025,Feb,402.3491711449983,NA,NA,NA,NA,NA,NA,NA,NA,NA,NA,NA,NA,NA
Costa Rica,2025-03-01T00:00:00Z,2025,Mar,570.0799379695634,NA,NA,NA,NA,NA,NA,NA,NA,NA,NA,NA,NA,NA
Costa Rica,2025-04-01T00:00:00Z,2025,Apr,544.2546184703306,NA,NA,NA,NA,NA,NA,NA,NA,NA,NA,NA,NA,NA
Costa Rica,2025-05-01T00:00:00Z,2025,May,1288.925553430182,NA,NA,NA,NA,NA,NA,NA,NA,NA,NA,NA,NA,NA
Cuba,2024-07-01T00:00:00Z,2024,Jul,-2451.699941095013,NA,NA,NA,NA,NA,NA,NA,NA,NA,NA,NA,NA,NA
Curaçao,2024-01-01T00:00:00Z,2024,Jan,40.00004,NA,NA,NA,NA,NA,NA,NA,NA,NA,NA,NA,NA,NA
Curaçao,2024-02-01T00:00:00Z,2024,Feb,94.000094,NA,NA,NA,NA,NA,NA,NA,NA,NA,NA,NA,NA,NA
Curaçao,2024-03-01T00:00:00Z,2024,Mar,128.00012799999996,NA,NA,NA,NA,NA,NA,NA,NA,NA,NA,NA,NA,NA
Dominican Republic,2024-01-01T00:00:00Z,2024,Jan,3821.003821,NA,NA,NA,NA,NA,NA,NA,NA,NA,NA,NA,NA,NA
Dominican Republic,2024-02-01T00:00:00Z,2024,Feb,1231.0012309999997,NA,NA,NA,NA,NA,NA,NA,NA,NA,NA,NA,NA,NA
Dominican Republic,2024-03-01T00:00:00Z,2024,Mar,1046.0010460000003,NA,NA,NA,NA,NA,NA,NA,NA,NA,NA,NA,NA,NA
Dominican Republic,2024-04-01T00:00:00Z,2024,Apr,918.0009179999997,NA,NA,NA,NA,NA,NA,NA,NA,NA,NA,NA,NA,NA
Dominican Republic,2024-05-01T00:00:00Z,2024,May,558.0005579999997,NA,NA,NA,NA,NA,NA,NA,NA,NA,NA,NA,NA,NA
Dominican Republic,2024-06-01T00:00:00Z,2024,Jun,738.0007380000006,NA,NA,NA,NA,NA,NA,NA,NA,NA,NA,NA,NA,NA
Dominican Republic,2024-07-01T00:00:00Z,2024,Jul,547.0005469999996,NA,NA,NA,NA,NA,NA,NA,NA,NA,NA,NA,NA,NA
Dominican Republic,2024-08-01T00:00:00Z,2024,Aug,380.0003799999995,NA,NA,NA,NA,NA,NA,NA,NA,NA,NA,NA,NA,NA
Dominican Republic,2024-09-01T00:00:00Z,2024,Sep,386.0003859999997,NA,NA,NA,NA,NA,NA,NA,NA,NA,NA,NA,NA,NA
Dominican Republic,2024-10-01T00:00:00Z,2024,Oct,269.0002690000001,NA,NA,NA,NA,NA,NA,NA,NA,NA,NA,NA,NA,NA
Dominican Republic,2024-11-01T00:00:00Z,2024,Nov,207.00020700000096,NA,NA,NA,NA,NA,NA,NA,NA,NA,NA,NA,NA,NA
Dominican Republic,2024-12-01T00:00:00Z,2024,Dec,198.98989900000015,NA,NA,NA,NA,NA,NA,NA,NA,NA,NA,NA,NA,NA
Dominican Republic,2025-01-01T00:00:00Z,2025,Jan,201,NA,NA,NA,NA,NA,NA,NA,NA,NA,NA,NA,NA,NA
Dominican Republic,2025-02-01T00:00:00Z,2025,Feb,166,NA,NA,NA,NA,NA,NA,NA,NA,NA,NA,NA,NA,NA
Dominican Republic,2025-03-01T00:00:00Z,2025,Mar,239,NA,NA,NA,NA,NA,NA,NA,NA,NA,NA,NA,NA,NA
Dominican Republic,2025-04-01T00:00:00Z,2025,Apr,129.14195696649892,NA,NA,NA,NA,NA,NA,NA,NA,NA,NA,NA,NA,NA
Dominican Republic,2025-05-01T00:00:00Z,2025,May,279.89961130618724,NA,NA,NA,NA,NA,NA,NA,NA,NA,NA,NA,NA,NA
Ecuador,2024-01-01T00:00:00Z,2024,Jan,3833.0038329999998,NA,NA,NA,NA,NA,NA,NA,NA,NA,NA,NA,NA,NA
Ecuador,2024-02-01T00:00:00Z,2024,Feb,5609.005608999999,NA,NA,NA,NA,NA,NA,NA,NA,NA,NA,NA,NA,NA
Ecuador,2024-03-01T00:00:00Z,2024,Mar,7601.007601000001,NA,NA,NA,NA,NA,NA,NA,NA,NA,NA,NA,NA,NA
Ecuador,2024-04-01T00:00:00Z,2024,Apr,10020.010019999998,NA,NA,NA,NA,NA,NA,NA,NA,NA,NA,NA,NA,NA
Ecuador,2024-05-01T00:00:00Z,2024,May,8126.008125999997,NA,NA,NA,NA,NA,NA,NA,NA,NA,NA,NA,NA,NA
Ecuador,2024-06-01T00:00:00Z,2024,Jun,6188.006187999999,NA,NA,NA,NA,NA,NA,NA,NA,NA,NA,NA,NA,NA
Ecuador,2024-07-01T00:00:00Z,2024,Jul,5932.005932,NA,NA,NA,NA,NA,NA,NA,NA,NA,NA,NA,NA,NA
Ecuador,2024-08-01T00:00:00Z,2024,Aug,3099.0030990000014,NA,NA,NA,NA,NA,NA,NA,NA,NA,NA,NA,NA,NA
Ecuador,2024-09-01T00:00:00Z,2024,Sep,2938.002937999998,NA,NA,NA,NA,NA,NA,NA,NA,NA,NA,NA,NA,NA
Ecuador,2024-10-01T00:00:00Z,2024,Oct,2347.0023470000015,NA,NA,NA,NA,NA,NA,NA,NA,NA,NA,NA,NA,NA
Ecuador,2024-11-01T00:00:00Z,2024,Nov,2605.0026050000015,NA,NA,NA,NA,NA,NA,NA,NA,NA,NA,NA,NA,NA
Ecuador,2024-12-01T00:00:00Z,2024,Dec,2933.734042612392,NA,NA,NA,NA,NA,NA,NA,NA,NA,NA,NA,NA,NA
Ecuador,2025-01-01T00:00:00Z,2025,Jan,4492.243280022537,NA,NA,NA,NA,NA,NA,NA,NA,NA,NA,NA,NA,NA
Ecuador,2025-02-01T00:00:00Z,2025,Feb,4090.285082261137,NA,NA,NA,NA,NA,NA,NA,NA,NA,NA,NA,NA,NA
Ecuador,2025-03-01T00:00:00Z,2025,Mar,5731.659805041429,NA,NA,NA,NA,NA,NA,NA,NA,NA,NA,NA,NA,NA
Ecuador,2025-04-01T00:00:00Z,2025,Apr,5059.930170289301,NA,NA,NA,NA,NA,NA,NA,NA,NA,NA,NA,NA,NA
Ecuador,2025-05-01T00:00:00Z,2025,May,6059.959151736781,NA,NA,NA,NA,NA,NA,NA,NA,NA,NA,NA,NA,NA
Ecuador,2025-06-01T00:00:00Z,2025,Jun,1671.6246502983959,NA,NA,NA,NA,NA,NA,NA,NA,NA,NA,NA,NA,NA
El Salvador,2024-01-01T00:00:00Z,2024,Jan,491.00049099999995,NA,NA,NA,NA,NA,NA,NA,NA,NA,NA,NA,NA,NA
El Salvador,2024-02-01T00:00:00Z,2024,Feb,481.000481,NA,NA,NA,NA,NA,NA,NA,NA,NA,NA,NA,NA,NA
El Salvador,2024-03-01T00:00:00Z,2024,Mar,479.0004789999999,NA,NA,NA,NA,NA,NA,NA,NA,NA,NA,NA,NA,NA
El Salvador,2024-04-01T00:00:00Z,2024,Apr,605.000605,NA,NA,NA,NA,NA,NA,NA,NA,NA,NA,NA,NA,NA
El Salvador,2024-05-01T00:00:00Z,2024,May,622.000622,NA,NA,NA,NA,NA,NA,NA,NA,NA,NA,NA,NA,NA
El Salvador,2024-06-01T00:00:00Z,2024,Jun,785.0007849999997,NA,NA,NA,NA,NA,NA,NA,NA,NA,NA,NA,NA,NA
El Salvador,2024-07-01T00:00:00Z,2024,Jul,1268.0012680000004,NA,NA,NA,NA,NA,NA,NA,NA,NA,NA,NA,NA,NA
El Salvador,2024-08-01T00:00:00Z,2024,Aug,1059.0010589999993,NA,NA,NA,NA,NA,NA,NA,NA,NA,NA,NA,NA,NA
El Salvador,2024-09-01T00:00:00Z,2024,Sep,1089.0010890000003,NA,NA,NA,NA,NA,NA,NA,NA,NA,NA,NA,NA,NA
El Salvador,2024-10-01T00:00:00Z,2024,Oct,708.0007079999996,NA,NA,NA,NA,NA,NA,NA,NA,NA,NA,NA,NA,NA
El Salvador,2024-11-01T00:00:00Z,2024,Nov,562.0005620000002,NA,NA,NA,NA,NA,NA,NA,NA,NA,NA,NA,NA,NA
El Salvador,2024-12-01T00:00:00Z,2024,Dec,402.9918510000007,NA,NA,NA,NA,NA,NA,NA,NA,NA,NA,NA,NA,NA
El Salvador,2025-01-01T00:00:00Z,2025,Jan,411,NA,NA,NA,NA,NA,NA,NA,NA,NA,NA,NA,NA,NA
El Salvador,2025-02-01T00:00:00Z,2025,Feb,358,NA,NA,NA,NA,NA,NA,NA,NA,NA,NA,NA,NA,NA
El Salvador,2025-03-01T00:00:00Z,2025,Mar,492,NA,NA,NA,NA,NA,NA,NA,NA,NA,NA,NA,NA,NA
El Salvador,2025-04-01T00:00:00Z,2025,Apr,379,NA,NA,NA,NA,NA,NA,NA,NA,NA,NA,NA,NA,NA
El Salvador,2025-05-01T00:00:00Z,2025,May,436.4572410327464,NA,NA,NA,NA,NA,NA,NA,NA,NA,NA,NA,NA,NA
French Guiana,2024-01-01T00:00:00Z,2024,Jan,3672.003672,NA,NA,NA,NA,NA,NA,NA,NA,NA,NA,NA,NA,NA
French Guiana,2024-02-01T00:00:00Z,2024,Feb,3993.0039929999994,NA,NA,NA,NA,NA,NA,NA,NA,NA,NA,NA,NA,NA
French Guiana,2024-03-01T00:00:00Z,2024,Mar,3867.0038669999994,NA,NA,NA,NA,NA,NA,NA,NA,NA,NA,NA,NA,NA
French Guiana,2024-04-01T00:00:00Z,2024,Apr,1794.0017939999998,NA,NA,NA,NA,NA,NA,NA,NA,NA,NA,NA,NA,NA
French Guiana,2024-05-01T00:00:00Z,2024,May,1334.0013340000005,NA,NA,NA,NA,NA,NA,NA,NA,NA,NA,NA,NA,NA
French Guiana,2024-06-01T00:00:00Z,2024,Jun,817.0008170000001,NA,NA,NA,NA,NA,NA,NA,NA,NA,NA,NA,NA,NA
French Guiana,2024-07-01T00:00:00Z,2024,Jul,587.0005870000005,NA,NA,NA,NA,NA,NA,NA,NA,NA,NA,NA,NA,NA
French Guiana,2024-08-01T00:00:00Z,2024,Aug,77.00007699999878,NA,NA,NA,NA,NA,NA,NA,NA,NA,NA,NA,NA,NA
French Guiana,2024-09-01T00:00:00Z,2024,Sep,NA,NA,NA,NA,NA,NA,NA,NA,NA,NA,NA,NA,NA,NA
French Guiana,2024-10-01T00:00:00Z,2024,Oct,NA,NA,NA,NA,NA,NA,NA,NA,NA,NA,NA,NA,NA,NA
French Guiana,2024-11-01T00:00:00Z,2024,Nov,NA,NA,NA,NA,NA,NA,NA,NA,NA,NA,NA,NA,NA,NA
French Guiana,2024-12-01T00:00:00Z,2024,Dec,NA,NA,NA,NA,NA,NA,NA,NA,NA,NA,NA,NA,NA,NA
French Guiana,2025-01-01T00:00:00Z,2025,Jan,NA,NA,NA,NA,NA,NA,NA,NA,NA,NA,NA,NA,NA,NA
French Guiana,2025-02-01T00:00:00Z,2025,Feb,NA,NA,NA,NA,NA,NA,NA,NA,NA,NA,NA,NA,NA,NA
French Guiana,2025-03-01T00:00:00Z,2025,Mar,NA,NA,NA,NA,NA,NA,NA,NA,NA,NA,NA,NA,NA,NA
French Guiana,2025-04-01T00:00:00Z,2025,Apr,NA,NA,NA,NA,NA,NA,NA,NA,NA,NA,NA,NA,NA,NA
French Guiana,2025-05-01T00:00:00Z,2025,May,33.000033,NA,NA,NA,NA,NA,NA,NA,NA,NA,NA,NA,NA,NA
French Guiana,2025-06-01T00:00:00Z,2025,Jun,0,NA,NA,NA,NA,NA,NA,NA,NA,NA,NA,NA,NA,NA
Grenada,2024-01-01T00:00:00Z,2024,Jan,47.000046999999995,NA,NA,NA,NA,NA,NA,NA,NA,NA,NA,NA,NA,NA
Grenada,2024-02-01T00:00:00Z,2024,Feb,37.00003699999999,NA,NA,NA,NA,NA,NA,NA,NA,NA,NA,NA,NA,NA
Grenada,2024-03-01T00:00:00Z,2024,Mar,24.00002400000001,NA,NA,NA,NA,NA,NA,NA,NA,NA,NA,NA,NA,NA
Grenada,2024-04-01T00:00:00Z,2024,Apr,30.000029999999995,NA,NA,NA,NA,NA,NA,NA,NA,NA,NA,NA,NA,NA
Grenada,2024-05-01T00:00:00Z,2024,May,26.00002599999999,NA,NA,NA,NA,NA,NA,NA,NA,NA,NA,NA,NA,NA
Grenada,2024-06-01T00:00:00Z,2024,Jun,53.00005300000001,NA,NA,NA,NA,NA,NA,NA,NA,NA,NA,NA,NA,NA
Grenada,2024-07-01T00:00:00Z,2024,Jul,64.00006399999998,NA,NA,NA,NA,NA,NA,NA,NA,NA,NA,NA,NA,NA
Grenada,2024-08-01T00:00:00Z,2024,Aug,165.00016499999998,NA,NA,NA,NA,NA,NA,NA,NA,NA,NA,NA,NA,NA
Grenada,2024-09-01T00:00:00Z,2024,Sep,244.000244,NA,NA,NA,NA,NA,NA,NA,NA,NA,NA,NA,NA,NA
Grenada,2024-10-01T00:00:00Z,2024,Oct,65.00006499999995,NA,NA,NA,NA,NA,NA,NA,NA,NA,NA,NA,NA,NA
Grenada,2024-11-01T00:00:00Z,2024,Nov,29.00002900000004,NA,NA,NA,NA,NA,NA,NA,NA,NA,NA,NA,NA,NA
Grenada,2024-12-01T00:00:00Z,2024,Dec,13.999216000000047,NA,NA,NA,NA,NA,NA,NA,NA,NA,NA,NA,NA,NA
Grenada,2025-01-01T00:00:00Z,2025,Jan,16.38493477428656,NA,NA,NA,NA,NA,NA,NA,NA,NA,NA,NA,NA,NA
Grenada,2025-02-01T00:00:00Z,2025,Feb,18.94459472504528,NA,NA,NA,NA,NA,NA,NA,NA,NA,NA,NA,NA,NA
Grenada,2025-03-01T00:00:00Z,2025,Mar,7.196136639128355,NA,NA,NA,NA,NA,NA,NA,NA,NA,NA,NA,NA,NA
Guadeloupe,2024-01-01T00:00:00Z,2024,Jan,1445.0014449999999,NA,NA,NA,NA,NA,NA,NA,NA,NA,NA,NA,NA,NA
Guadeloupe,2024-02-01T00:00:00Z,2024,Feb,715.0007150000001,NA,NA,NA,NA,NA,NA,NA,NA,NA,NA,NA,NA,NA
Guadeloupe,2024-03-01T00:00:00Z,2024,Mar,800.0007999999998,NA,NA,NA,NA,NA,NA,NA,NA,NA,NA,NA,NA,NA
Guadeloupe,2024-04-01T00:00:00Z,2024,Apr,435.0004349999999,NA,NA,NA,NA,NA,NA,NA,NA,NA,NA,NA,NA,NA
Guadeloupe,2024-05-01T00:00:00Z,2024,May,290.00028999999995,NA,NA,NA,NA,NA,NA,NA,NA,NA,NA,NA,NA,NA
Guadeloupe,2024-06-01T00:00:00Z,2024,Jun,365.0003649999999,NA,NA,NA,NA,NA,NA,NA,NA,NA,NA,NA,NA,NA
Guadeloupe,2024-07-01T00:00:00Z,2024,Jul,185.00018499999987,NA,NA,NA,NA,NA,NA,NA,NA,NA,NA,NA,NA,NA
Guadeloupe,2024-08-01T00:00:00Z,2024,Aug,0,NA,NA,NA,NA,NA,NA,NA,NA,NA,NA,NA,NA,NA
Guadeloupe,2024-09-01T00:00:00Z,2024,Sep,1380.0013799999997,NA,NA,NA,NA,NA,NA,NA,NA,NA,NA,NA,NA,NA
Guadeloupe,2024-10-01T00:00:00Z,2024,Oct,2040.0020400000003,NA,NA,NA,NA,NA,NA,NA,NA,NA,NA,NA,NA,NA
Guadeloupe,2024-11-01T00:00:00Z,2024,Nov,2410.002409999999,NA,NA,NA,NA,NA,NA,NA,NA,NA,NA,NA,NA,NA
Guadeloupe,2024-12-01T00:00:00Z,2024,Dec,960.0009600000012,NA,NA,NA,NA,NA,NA,NA,NA,NA,NA,NA,NA,NA
Guadeloupe,2025-01-01T00:00:00Z,2025,Jan,2220,NA,NA,NA,NA,NA,NA,NA,NA,NA,NA,NA,NA,NA
Guadeloupe,2025-02-01T00:00:00Z,2025,Feb,970,NA,NA,NA,NA,NA,NA,NA,NA,NA,NA,NA,NA,NA
Guadeloupe,2025-03-01T00:00:00Z,2025,Mar,970,NA,NA,NA,NA,NA,NA,NA,NA,NA,NA,NA,NA,NA
Guadeloupe,2025-04-01T00:00:00Z,2025,Apr,0,NA,NA,NA,NA,NA,NA,NA,NA,NA,NA,NA,NA,NA
Guadeloupe,2025-05-01T00:00:00Z,2025,May,110,NA,NA,NA,NA,NA,NA,NA,NA,NA,NA,NA,NA,NA
Guatemala,2024-01-01T00:00:00Z,2024,Jan,7911.007911,NA,NA,NA,NA,NA,NA,NA,NA,NA,NA,NA,NA,NA
Guatemala,2024-02-01T00:00:00Z,2024,Feb,4495.004495,NA,NA,NA,NA,NA,NA,NA,NA,NA,NA,NA,NA,NA
Guatemala,2024-03-01T00:00:00Z,2024,Mar,4188.004187999997,NA,NA,NA,NA,NA,NA,NA,NA,NA,NA,NA,NA,NA
Guatemala,2024-04-01T00:00:00Z,2024,Apr,7774.0077740000015,NA,NA,NA,NA,NA,NA,NA,NA,NA,NA,NA,NA,NA
Guatemala,2024-05-01T00:00:00Z,2024,May,11795.011794999999,NA,NA,NA,NA,NA,NA,NA,NA,NA,NA,NA,NA,NA
Guatemala,2024-06-01T00:00:00Z,2024,Jun,20448.020447999996,NA,NA,NA,NA,NA,NA,NA,NA,NA,NA,NA,NA,NA
Guatemala,2024-07-01T00:00:00Z,2024,Jul,31234.031233999995,NA,NA,NA,NA,NA,NA,NA,NA,NA,NA,NA,NA,NA
Guatemala,2024-08-01T00:00:00Z,2024,Aug,27529.027529,NA,NA,NA,NA,NA,NA,NA,NA,NA,NA,NA,NA,NA
Guatemala,2024-09-01T00:00:00Z,2024,Sep,35365.03536499999,NA,NA,NA,NA,NA,NA,NA,NA,NA,NA,NA,NA,NA
Guatemala,2024-10-01T00:00:00Z,2024,Oct,21376.02137600002,NA,NA,NA,NA,NA,NA,NA,NA,NA,NA,NA,NA,NA
Guatemala,2024-11-01T00:00:00Z,2024,Nov,12086.012086000002,NA,NA,NA,NA,NA,NA,NA,NA,NA,NA,NA,NA,NA
Guatemala,2024-12-01T00:00:00Z,2024,Dec,5376.411884376721,NA,NA,NA,NA,NA,NA,NA,NA,NA,NA,NA,NA,NA
Guatemala,2025-01-01T00:00:00Z,2025,Jan,4370.950986740981,NA,NA,NA,NA,NA,NA,NA,NA,NA,NA,NA,NA,NA
Guatemala,2025-02-01T00:00:00Z,2025,Feb,3527.5047360662857,NA,NA,NA,NA,NA,NA,NA,NA,NA,NA,NA,NA,NA
Guatemala,2025-03-01T00:00:00Z,2025,Mar,5515.020206657833,NA,NA,NA,NA,NA,NA,NA,NA,NA,NA,NA,NA,NA
Guatemala,2025-04-01T00:00:00Z,2025,Apr,4211.392373486107,NA,NA,NA,NA,NA,NA,NA,NA,NA,NA,NA,NA,NA
Guatemala,2025-05-01T00:00:00Z,2025,May,6911.263104995069,NA,NA,NA,NA,NA,NA,NA,NA,NA,NA,NA,NA,NA
Guatemala,2025-06-01T00:00:00Z,2025,Jun,2374.4205037823194,NA,NA,NA,NA,NA,NA,NA,NA,NA,NA,NA,NA,NA
Guyana,2024-01-01T00:00:00Z,2024,Jan,3049.003049,NA,NA,NA,NA,NA,NA,NA,NA,NA,NA,NA,NA,NA
Guyana,2024-02-01T00:00:00Z,2024,Feb,4222.004222,NA,NA,NA,NA,NA,NA,NA,NA,NA,NA,NA,NA,NA
Guyana,2024-03-01T00:00:00Z,2024,Mar,3457.003457,NA,NA,NA,NA,NA,NA,NA,NA,NA,NA,NA,NA,NA
Guyana,2024-04-01T00:00:00Z,2024,Apr,4669.004669,NA,NA,NA,NA,NA,NA,NA,NA,NA,NA,NA,NA,NA
Guyana,2024-05-01T00:00:00Z,2024,May,4673.0046729999995,NA,NA,NA,NA,NA,NA,NA,NA,NA,NA,NA,NA,NA
Guyana,2024-06-01T00:00:00Z,2024,Jun,6478.006477999999,NA,NA,NA,NA,NA,NA,NA,NA,NA,NA,NA,NA,NA
Guyana,2024-07-01T00:00:00Z,2024,Jul,7583.007583000002,NA,NA,NA,NA,NA,NA,NA,NA,NA,NA,NA,NA,NA
Guyana,2024-08-01T00:00:00Z,2024,Aug,2105.0021049999996,NA,NA,NA,NA,NA,NA,NA,NA,NA,NA,NA,NA,NA
Guyana,2024-09-01T00:00:00Z,2024,Sep,2582.0025819999937,NA,NA,NA,NA,NA,NA,NA,NA,NA,NA,NA,NA,NA
Guyana,2024-10-01T00:00:00Z,2024,Oct,2449.0024489999996,NA,NA,NA,NA,NA,NA,NA,NA,NA,NA,NA,NA,NA
Guyana,2024-11-01T00:00:00Z,2024,Nov,2793.0027929999997,NA,NA,NA,NA,NA,NA,NA,NA,NA,NA,NA,NA,NA
Guyana,2024-12-01T00:00:00Z,2024,Dec,2245.955940000007,NA,NA,NA,NA,NA,NA,NA,NA,NA,NA,NA,NA,NA
Guyana,2025-01-01T00:00:00Z,2025,Jan,5040,NA,NA,NA,NA,NA,NA,NA,NA,NA,NA,NA,NA,NA
Guyana,2025-02-01T00:00:00Z,2025,Feb,4721.894878946963,NA,NA,NA,NA,NA,NA,NA,NA,NA,NA,NA,NA,NA
Guyana,2025-03-01T00:00:00Z,2025,Mar,11227.619697967062,NA,NA,NA,NA,NA,NA,NA,NA,NA,NA,NA,NA,NA
Guyana,2025-04-01T00:00:00Z,2025,Apr,8286.857490875616,NA,NA,NA,NA,NA,NA,NA,NA,NA,NA,NA,NA,NA
Guyana,2025-05-01T00:00:00Z,2025,May,5209.013875789249,NA,NA,NA,NA,NA,NA,NA,NA,NA,NA,NA,NA,NA
Honduras,2024-01-01T00:00:00Z,2024,Jan,3602.003602,NA,NA,NA,NA,NA,NA,NA,NA,NA,NA,NA,NA,NA
Honduras,2024-02-01T00:00:00Z,2024,Feb,3331.003331,NA,NA,NA,NA,NA,NA,NA,NA,NA,NA,NA,NA,NA
Honduras,2024-03-01T00:00:00Z,2024,Mar,3630.00363,NA,NA,NA,NA,NA,NA,NA,NA,NA,NA,NA,NA,NA
Honduras,2024-04-01T00:00:00Z,2024,Apr,7656.007655999998,NA,NA,NA,NA,NA,NA,NA,NA,NA,NA,NA,NA,NA
Honduras,2024-05-01T00:00:00Z,2024,May,10940.01094,NA,NA,NA,NA,NA,NA,NA,NA,NA,NA,NA,NA,NA
Honduras,2024-06-01T00:00:00Z,2024,Jun,29091.029090999997,NA,NA,NA,NA,NA,NA,NA,NA,NA,NA,NA,NA,NA
Honduras,2024-07-01T00:00:00Z,2024,Jul,41723.041722999995,NA,NA,NA,NA,NA,NA,NA,NA,NA,NA,NA,NA,NA
Honduras,2024-08-01T00:00:00Z,2024,Aug,37091.03709099999,NA,NA,NA,NA,NA,NA,NA,NA,NA,NA,NA,NA,NA
Honduras,2024-09-01T00:00:00Z,2024,Sep,25028.025028000004,NA,NA,NA,NA,NA,NA,NA,NA,NA,NA,NA,NA,NA
Honduras,2024-10-01T00:00:00Z,2024,Oct,9410.009409999999,NA,NA,NA,NA,NA,NA,NA,NA,NA,NA,NA,NA,NA
Honduras,2024-11-01T00:00:00Z,2024,Nov,4171.004171000008,NA,NA,NA,NA,NA,NA,NA,NA,NA,NA,NA,NA,NA
Honduras,2024-12-01T00:00:00Z,2024,Dec,1535.8243270000094,NA,NA,NA,NA,NA,NA,NA,NA,NA,NA,NA,NA,NA
Honduras,2025-01-01T00:00:00Z,2025,Jan,1434,NA,NA,NA,NA,NA,NA,NA,NA,NA,NA,NA,NA,NA
Honduras,2025-02-01T00:00:00Z,2025,Feb,1274,NA,NA,NA,NA,NA,NA,NA,NA,NA,NA,NA,NA,NA
Honduras,2025-03-01T00:00:00Z,2025,Mar,2134,NA,NA,NA,NA,NA,NA,NA,NA,NA,NA,NA,NA,NA
Honduras,2025-04-01T00:00:00Z,2025,Apr,1545.3789228998494,NA,NA,NA,NA,NA,NA,NA,NA,NA,NA,NA,NA,NA
Honduras,2025-05-01T00:00:00Z,2025,May,2417.526768724246,NA,NA,NA,NA,NA,NA,NA,NA,NA,NA,NA,NA,NA
Jamaica,2024-01-01T00:00:00Z,2024,Jan,457.000457,NA,NA,NA,NA,NA,NA,NA,NA,NA,NA,NA,NA,NA
Jamaica,2024-02-01T00:00:00Z,2024,Feb,244.00024399999995,NA,NA,NA,NA,NA,NA,NA,NA,NA,NA,NA,NA,NA
Jamaica,2024-03-01T00:00:00Z,2024,Mar,309.000309,NA,NA,NA,NA,NA,NA,NA,NA,NA,NA,NA,NA,NA
Jamaica,2024-04-01T00:00:00Z,2024,Apr,224.0002239999999,NA,NA,NA,NA,NA,NA,NA,NA,NA,NA,NA,NA,NA
Jamaica,2024-05-01T00:00:00Z,2024,May,108.00010799999995,NA,NA,NA,NA,NA,NA,NA,NA,NA,NA,NA,NA,NA
Jamaica,2024-06-01T00:00:00Z,2024,Jun,57.0000570000002,NA,NA,NA,NA,NA,NA,NA,NA,NA,NA,NA,NA,NA
Jamaica,2024-07-01T00:00:00Z,2024,Jul,98.00009799999998,NA,NA,NA,NA,NA,NA,NA,NA,NA,NA,NA,NA,NA
Jamaica,2024-08-01T00:00:00Z,2024,Aug,136.00013599999988,NA,NA,NA,NA,NA,NA,NA,NA,NA,NA,NA,NA,NA
Jamaica,2024-09-01T00:00:00Z,2024,Sep,122.00012199999992,NA,NA,NA,NA,NA,NA,NA,NA,NA,NA,NA,NA,NA
Jamaica,2024-10-01T00:00:00Z,2024,Oct,86.00008600000001,NA,NA,NA,NA,NA,NA,NA,NA,NA,NA,NA,NA,NA
Jamaica,2024-11-01T00:00:00Z,2024,Nov,73.00007300000016,NA,NA,NA,NA,NA,NA,NA,NA,NA,NA,NA,NA,NA
Jamaica,2024-12-01T00:00:00Z,2024,Dec,119.99808600000006,NA,NA,NA,NA,NA,NA,NA,NA,NA,NA,NA,NA,NA
Jamaica,2025-01-01T00:00:00Z,2025,Jan,46,NA,NA,NA,NA,NA,NA,NA,NA,NA,NA,NA,NA,NA
Jamaica,2025-02-01T00:00:00Z,2025,Feb,38,NA,NA,NA,NA,NA,NA,NA,NA,NA,NA,NA,NA,NA
Jamaica,2025-03-01T00:00:00Z,2025,Mar,37,NA,NA,NA,NA,NA,NA,NA,NA,NA,NA,NA,NA,NA
Jamaica,2025-04-01T00:00:00Z,2025,Apr,44,NA,NA,NA,NA,NA,NA,NA,NA,NA,NA,NA,NA,NA
Jamaica,2025-05-01T00:00:00Z,2025,May,43.62265814748929,NA,NA,NA,NA,NA,NA,NA,NA,NA,NA,NA,NA,NA
Martinique,2024-01-01T00:00:00Z,2024,Jan,1630.00163,NA,NA,NA,NA,NA,NA,NA,NA,NA,NA,NA,NA,NA
Martinique,2024-02-01T00:00:00Z,2024,Feb,1765.0017649999998,NA,NA,NA,NA,NA,NA,NA,NA,NA,NA,NA,NA,NA
Martinique,2024-03-01T00:00:00Z,2024,Mar,1160.0011599999998,NA,NA,NA,NA,NA,NA,NA,NA,NA,NA,NA,NA,NA
Martinique,2024-04-01T00:00:00Z,2024,Apr,730.0007299999997,NA,NA,NA,NA,NA,NA,NA,NA,NA,NA,NA,NA,NA
Martinique,2024-05-01T00:00:00Z,2024,May,340.0003400000005,NA,NA,NA,NA,NA,NA,NA,NA,NA,NA,NA,NA,NA
Martinique,2024-06-01T00:00:00Z,2024,Jun,160.0001599999996,NA,NA,NA,NA,NA,NA,NA,NA,NA,NA,NA,NA,NA
Martinique,2024-07-01T00:00:00Z,2024,Jul,219.00021900000047,NA,NA,NA,NA,NA,NA,NA,NA,NA,NA,NA,NA,NA
Martinique,2024-08-01T00:00:00Z,2024,Aug,0,NA,NA,NA,NA,NA,NA,NA,NA,NA,NA,NA,NA,NA
Martinique,2024-09-01T00:00:00Z,2024,Sep,660.0006599999997,NA,NA,NA,NA,NA,NA,NA,NA,NA,NA,NA,NA,NA
Martinique,2024-10-01T00:00:00Z,2024,Oct,305.00030499999957,NA,NA,NA,NA,NA,NA,NA,NA,NA,NA,NA,NA,NA
Martinique,2024-11-01T00:00:00Z,2024,Nov,267.00026700000035,NA,NA,NA,NA,NA,NA,NA,NA,NA,NA,NA,NA,NA
Martinique,2024-12-01T00:00:00Z,2024,Dec,135.00013500000023,NA,NA,NA,NA,NA,NA,NA,NA,NA,NA,NA,NA,NA
Martinique,2025-01-01T00:00:00Z,2025,Jan,293,NA,NA,NA,NA,NA,NA,NA,NA,NA,NA,NA,NA,NA
Martinique,2025-02-01T00:00:00Z,2025,Feb,100,NA,NA,NA,NA,NA,NA,NA,NA,NA,NA,NA,NA,NA
Martinique,2025-03-01T00:00:00Z,2025,Mar,282,NA,NA,NA,NA,NA,NA,NA,NA,NA,NA,NA,NA,NA
Martinique,2025-04-01T00:00:00Z,2025,Apr,100,NA,NA,NA,NA,NA,NA,NA,NA,NA,NA,NA,NA,NA
Martinique,2025-05-01T00:00:00Z,2025,May,100,NA,NA,NA,NA,NA,NA,NA,NA,NA,NA,NA,NA,NA
Mexico,2024-01-01T00:00:00Z,2024,Jan,21247.021246999997,NA,NA,NA,NA,NA,NA,NA,NA,NA,NA,NA,NA,NA
Mexico,2024-02-01T00:00:00Z,2024,Feb,13673.013673000001,NA,NA,NA,NA,NA,NA,NA,NA,NA,NA,NA,NA,NA
Mexico,2024-03-01T00:00:00Z,2024,Mar,12467.012467,NA,NA,NA,NA,NA,NA,NA,NA,NA,NA,NA,NA,NA
Mexico,2024-04-01T00:00:00Z,2024,Apr,16800.016799999998,NA,NA,NA,NA,NA,NA,NA,NA,NA,NA,NA,NA,NA
Mexico,2024-05-01T00:00:00Z,2024,May,16998.016997999992,NA,NA,NA,NA,NA,NA,NA,NA,NA,NA,NA,NA,NA
Mexico,2024-06-01T00:00:00Z,2024,Jun,31988.031988000002,NA,NA,NA,NA,NA,NA,NA,NA,NA,NA,NA,NA,NA
Mexico,2024-07-01T00:00:00Z,2024,Jul,58351.058350999985,NA,NA,NA,NA,NA,NA,NA,NA,NA,NA,NA,NA,NA
Mexico,2024-08-01T00:00:00Z,2024,Aug,78848.078848,NA,NA,NA,NA,NA,NA,NA,NA,NA,NA,NA,NA,NA
Mexico,2024-09-01T00:00:00Z,2024,Sep,125935.12593499996,NA,NA,NA,NA,NA,NA,NA,NA,NA,NA,NA,NA,NA
Mexico,2024-10-01T00:00:00Z,2024,Oct,95931.09593100002,NA,NA,NA,NA,NA,NA,NA,NA,NA,NA,NA,NA,NA
Mexico,2024-11-01T00:00:00Z,2024,Nov,60221.06022100005,NA,NA,NA,NA,NA,NA,NA,NA,NA,NA,NA,NA,NA
Mexico,2024-12-01T00:00:00Z,2024,Dec,26386.46754099999,NA,NA,NA,NA,NA,NA,NA,NA,NA,NA,NA,NA,NA
Mexico,2025-01-01T00:00:00Z,2025,Jan,11169,NA,NA,NA,NA,NA,NA,NA,NA,NA,NA,NA,NA,NA
Mexico,2025-02-01T00:00:00Z,2025,Feb,8366,NA,NA,NA,NA,NA,NA,NA,NA,NA,NA,NA,NA,NA
Mexico,2025-03-01T00:00:00Z,2025,Mar,8693,NA,NA,NA,NA,NA,NA,NA,NA,NA,NA,NA,NA,NA
Mexico,2025-04-01T00:00:00Z,2025,Apr,6206,NA,NA,NA,NA,NA,NA,NA,NA,NA,NA,NA,NA,NA
Mexico,2025-05-01T00:00:00Z,2025,May,9942.2279636034,NA,NA,NA,NA,NA,NA,NA,NA,NA,NA,NA,NA,NA
Mexico,2025-06-01T00:00:00Z,2025,Jun,3510.0280289747243,NA,NA,NA,NA,NA,NA,NA,NA,NA,NA,NA,NA,NA
Montserrat,2024-01-01T00:00:00Z,2024,Jan,1.000001,NA,NA,NA,NA,NA,NA,NA,NA,NA,NA,NA,NA,NA
Montserrat,2024-02-01T00:00:00Z,2024,Feb,0,NA,NA,NA,NA,NA,NA,NA,NA,NA,NA,NA,NA,NA
Montserrat,2024-03-01T00:00:00Z,2024,Mar,0,NA,NA,NA,NA,NA,NA,NA,NA,NA,NA,NA,NA,NA
Montserrat,2024-04-01T00:00:00Z,2024,Apr,0,NA,NA,NA,NA,NA,NA,NA,NA,NA,NA,NA,NA,NA
Montserrat,2024-05-01T00:00:00Z,2024,May,0,NA,NA,NA,NA,NA,NA,NA,NA,NA,NA,NA,NA,NA
Montserrat,2024-06-01T00:00:00Z,2024,Jun,1.000001,NA,NA,NA,NA,NA,NA,NA,NA,NA,NA,NA,NA,NA
Montserrat,2024-07-01T00:00:00Z,2024,Jul,0,NA,NA,NA,NA,NA,NA,NA,NA,NA,NA,NA,NA,NA
Montserrat,2024-08-01T00:00:00Z,2024,Aug,0,NA,NA,NA,NA,NA,NA,NA,NA,NA,NA,NA,NA,NA
Montserrat,2024-09-01T00:00:00Z,2024,Sep,1.0000009999999997,NA,NA,NA,NA,NA,NA,NA,NA,NA,NA,NA,NA,NA
Montserrat,2024-10-01T00:00:00Z,2024,Oct,0,NA,NA,NA,NA,NA,NA,NA,NA,NA,NA,NA,NA,NA
Montserrat,2024-11-01T00:00:00Z,2024,Nov,0,NA,NA,NA,NA,NA,NA,NA,NA,NA,NA,NA,NA,NA
Montserrat,2024-12-01T00:00:00Z,2024,Dec,NA,NA,NA,NA,NA,NA,NA,NA,NA,NA,NA,NA,NA,NA
Montserrat,2025-01-01T00:00:00Z,2025,Jan,0,NA,NA,NA,NA,NA,NA,NA,NA,NA,NA,NA,NA,NA
Montserrat,2025-02-01T00:00:00Z,2025,Feb,0,NA,NA,NA,NA,NA,NA,NA,NA,NA,NA,NA,NA,NA
Montserrat,2025-03-01T00:00:00Z,2025,Mar,0,NA,NA,NA,NA,NA,NA,NA,NA,NA,NA,NA,NA,NA
Montserrat,2025-04-01T00:00:00Z,2025,Apr,1,NA,NA,NA,NA,NA,NA,NA,NA,NA,NA,NA,NA,NA
Nicaragua,2024-01-01T00:00:00Z,2024,Jan,9530.00953,NA,NA,NA,NA,NA,NA,NA,NA,NA,NA,NA,NA,NA
Nicaragua,2024-02-01T00:00:00Z,2024,Feb,6598.006598,NA,NA,NA,NA,NA,NA,NA,NA,NA,NA,NA,NA,NA
Nicaragua,2024-03-01T00:00:00Z,2024,Mar,4172.004172000001,NA,NA,NA,NA,NA,NA,NA,NA,NA,NA,NA,NA,NA
Nicaragua,2024-04-01T00:00:00Z,2024,Apr,4832.004831999999,NA,NA,NA,NA,NA,NA,NA,NA,NA,NA,NA,NA,NA
Nicaragua,2024-05-01T00:00:00Z,2024,May,4843.004842999999,NA,NA,NA,NA,NA,NA,NA,NA,NA,NA,NA,NA,NA
Nicaragua,2024-06-01T00:00:00Z,2024,Jun,7818.007817999998,NA,NA,NA,NA,NA,NA,NA,NA,NA,NA,NA,NA,NA
Nicaragua,2024-07-01T00:00:00Z,2024,Jul,9940.009940000004,NA,NA,NA,NA,NA,NA,NA,NA,NA,NA,NA,NA,NA
Nicaragua,2024-08-01T00:00:00Z,2024,Aug,8335.008334999999,NA,NA,NA,NA,NA,NA,NA,NA,NA,NA,NA,NA,NA
Nicaragua,2024-09-01T00:00:00Z,2024,Sep,10999.010998999998,NA,NA,NA,NA,NA,NA,NA,NA,NA,NA,NA,NA,NA
Nicaragua,2024-10-01T00:00:00Z,2024,Oct,9946.009945999991,NA,NA,NA,NA,NA,NA,NA,NA,NA,NA,NA,NA,NA
Nicaragua,2024-11-01T00:00:00Z,2024,Nov,8261.00826100001,NA,NA,NA,NA,NA,NA,NA,NA,NA,NA,NA,NA,NA
Nicaragua,2024-12-01T00:00:00Z,2024,Dec,6754.026624296515,NA,NA,NA,NA,NA,NA,NA,NA,NA,NA,NA,NA,NA
Nicaragua,2025-01-01T00:00:00Z,2025,Jan,5702.472782781444,NA,NA,NA,NA,NA,NA,NA,NA,NA,NA,NA,NA,NA
Panama,2024-01-01T00:00:00Z,2024,Jan,2553.002553,NA,NA,NA,NA,NA,NA,NA,NA,NA,NA,NA,NA,NA
Panama,2024-02-01T00:00:00Z,2024,Feb,1216.0012159999997,NA,NA,NA,NA,NA,NA,NA,NA,NA,NA,NA,NA,NA
Panama,2024-03-01T00:00:00Z,2024,Mar,891.0008910000001,NA,NA,NA,NA,NA,NA,NA,NA,NA,NA,NA,NA,NA
Panama,2024-04-01T00:00:00Z,2024,Apr,1032.0010320000001,NA,NA,NA,NA,NA,NA,NA,NA,NA,NA,NA,NA,NA
Panama,2024-05-01T00:00:00Z,2024,May,1183.0011829999994,NA,NA,NA,NA,NA,NA,NA,NA,NA,NA,NA,NA,NA
Panama,2024-06-01T00:00:00Z,2024,Jun,2268.002268,NA,NA,NA,NA,NA,NA,NA,NA,NA,NA,NA,NA,NA
Panama,2024-07-01T00:00:00Z,2024,Jul,6839.006839,NA,NA,NA,NA,NA,NA,NA,NA,NA,NA,NA,NA,NA
Panama,2024-08-01T00:00:00Z,2024,Aug,6687.006686999999,NA,NA,NA,NA,NA,NA,NA,NA,NA,NA,NA,NA,NA
Panama,2024-09-01T00:00:00Z,2024,Sep,5861.005860999998,NA,NA,NA,NA,NA,NA,NA,NA,NA,NA,NA,NA,NA
Panama,2024-10-01T00:00:00Z,2024,Oct,3558.0035580000003,NA,NA,NA,NA,NA,NA,NA,NA,NA,NA,NA,NA,NA
Panama,2024-11-01T00:00:00Z,2024,Nov,2782.0027819999996,NA,NA,NA,NA,NA,NA,NA,NA,NA,NA,NA,NA,NA
Panama,2024-12-01T00:00:00Z,2024,Dec,2203.637082981906,NA,NA,NA,NA,NA,NA,NA,NA,NA,NA,NA,NA,NA
Panama,2025-01-01T00:00:00Z,2025,Jan,2425.6010123581445,NA,NA,NA,NA,NA,NA,NA,NA,NA,NA,NA,NA,NA
Panama,2025-02-01T00:00:00Z,2025,Feb,1397.8305047360168,NA,NA,NA,NA,NA,NA,NA,NA,NA,NA,NA,NA,NA
Panama,2025-03-01T00:00:00Z,2025,Mar,1331.6933373642346,NA,NA,NA,NA,NA,NA,NA,NA,NA,NA,NA,NA,NA
Panama,2025-04-01T00:00:00Z,2025,Apr,931.4711428559149,NA,NA,NA,NA,NA,NA,NA,NA,NA,NA,NA,NA,NA
Panama,2025-05-01T00:00:00Z,2025,May,776.9922115761938,NA,NA,NA,NA,NA,NA,NA,NA,NA,NA,NA,NA,NA
Paraguay,2024-01-01T00:00:00Z,2024,Jan,97747.09774699999,NA,NA,NA,NA,NA,NA,NA,NA,NA,NA,NA,NA,NA
Paraguay,2024-02-01T00:00:00Z,2024,Feb,69931.069931,NA,NA,NA,NA,NA,NA,NA,NA,NA,NA,NA,NA,NA
Paraguay,2024-03-01T00:00:00Z,2024,Mar,50768.05076799999,NA,NA,NA,NA,NA,NA,NA,NA,NA,NA,NA,NA,NA
Paraguay,2024-04-01T00:00:00Z,2024,Apr,42326.042325999995,NA,NA,NA,NA,NA,NA,NA,NA,NA,NA,NA,NA,NA
Paraguay,2024-05-01T00:00:00Z,2024,May,14686.01468599998,NA,NA,NA,NA,NA,NA,NA,NA,NA,NA,NA,NA,NA
Paraguay,2024-06-01T00:00:00Z,2024,Jun,5637.005637000024,NA,NA,NA,NA,NA,NA,NA,NA,NA,NA,NA,NA,NA
Paraguay,2024-07-01T00:00:00Z,2024,Jul,2208.002207999991,NA,NA,NA,NA,NA,NA,NA,NA,NA,NA,NA,NA,NA
Paraguay,2024-08-01T00:00:00Z,2024,Aug,1345.001344999997,NA,NA,NA,NA,NA,NA,NA,NA,NA,NA,NA,NA,NA
Paraguay,2024-09-01T00:00:00Z,2024,Sep,1913.0019130000146,NA,NA,NA,NA,NA,NA,NA,NA,NA,NA,NA,NA,NA
Paraguay,2024-10-01T00:00:00Z,2024,Oct,2399.00239899999,NA,NA,NA,NA,NA,NA,NA,NA,NA,NA,NA,NA,NA
Paraguay,2024-11-01T00:00:00Z,2024,Nov,3414.003413999977,NA,NA,NA,NA,NA,NA,NA,NA,NA,NA,NA,NA,NA
Paraguay,2024-12-01T00:00:00Z,2024,Dec,-86645.0309988602,NA,NA,NA,NA,NA,NA,NA,NA,NA,NA,NA,NA,NA
Paraguay,2025-01-01T00:00:00Z,2025,Jan,1364.2942277813063,NA,NA,NA,NA,NA,NA,NA,NA,NA,NA,NA,NA,NA
Paraguay,2025-02-01T00:00:00Z,2025,Feb,57.67601697910163,NA,NA,NA,NA,NA,NA,NA,NA,NA,NA,NA,NA,NA
Paraguay,2025-03-01T00:00:00Z,2025,Mar,249.90257386341045,NA,NA,NA,NA,NA,NA,NA,NA,NA,NA,NA,NA,NA
Paraguay,2025-04-01T00:00:00Z,2025,Apr,176.13578023937066,NA,NA,NA,NA,NA,NA,NA,NA,NA,NA,NA,NA,NA
Paraguay,2025-05-01T00:00:00Z,2025,May,414.0637130491855,NA,NA,NA,NA,NA,NA,NA,NA,NA,NA,NA,NA,NA
Peru,2024-01-01T00:00:00Z,2024,Jan,12313.012313,NA,NA,NA,NA,NA,NA,NA,NA,NA,NA,NA,NA,NA
Peru,2024-02-01T00:00:00Z,2024,Feb,37992.037992,NA,NA,NA,NA,NA,NA,NA,NA,NA,NA,NA,NA,NA
Peru,2024-03-01T00:00:00Z,2024,Mar,70071.070071,NA,NA,NA,NA,NA,NA,NA,NA,NA,NA,NA,NA,NA
Peru,2024-04-01T00:00:00Z,2024,Apr,97460.09746,NA,NA,NA,NA,NA,NA,NA,NA,NA,NA,NA,NA,NA
Peru,2024-05-01T00:00:00Z,2024,May,32773.032772999984,NA,NA,NA,NA,NA,NA,NA,NA,NA,NA,NA,NA,NA
Peru,2024-06-01T00:00:00Z,2024,Jun,7760.007760000008,NA,NA,NA,NA,NA,NA,NA,NA,NA,NA,NA,NA,NA
Peru,2024-07-01T00:00:00Z,2024,Jul,3144.0031439999875,NA,NA,NA,NA,NA,NA,NA,NA,NA,NA,NA,NA,NA
Peru,2024-08-01T00:00:00Z,2024,Aug,1845.0018449999916,NA,NA,NA,NA,NA,NA,NA,NA,NA,NA,NA,NA,NA
Peru,2024-09-01T00:00:00Z,2024,Sep,2466.0024660000345,NA,NA,NA,NA,NA,NA,NA,NA,NA,NA,NA,NA,NA
Peru,2024-10-01T00:00:00Z,2024,Oct,2797.0027969999937,NA,NA,NA,NA,NA,NA,NA,NA,NA,NA,NA,NA,NA
Peru,2024-11-01T00:00:00Z,2024,Nov,5450.005449999997,NA,NA,NA,NA,NA,NA,NA,NA,NA,NA,NA,NA,NA
Peru,2024-12-01T00:00:00Z,2024,Dec,4809.67124697438,NA,NA,NA,NA,NA,NA,NA,NA,NA,NA,NA,NA,NA
Peru,2025-01-01T00:00:00Z,2025,Jan,6550.492852606307,NA,NA,NA,NA,NA,NA,NA,NA,NA,NA,NA,NA,NA
Peru,2025-02-01T00:00:00Z,2025,Feb,5322.385025153277,NA,NA,NA,NA,NA,NA,NA,NA,NA,NA,NA,NA,NA
Peru,2025-03-01T00:00:00Z,2025,Mar,8001.057541692568,NA,NA,NA,NA,NA,NA,NA,NA,NA,NA,NA,NA,NA
Peru,2025-04-01T00:00:00Z,2025,Apr,7043.580323751001,NA,NA,NA,NA,NA,NA,NA,NA,NA,NA,NA,NA,NA
Peru,2025-05-01T00:00:00Z,2025,May,1832.2391315938985,NA,NA,NA,NA,NA,NA,NA,NA,NA,NA,NA,NA,NA
Peru,2025-06-01T00:00:00Z,2025,Jun,1679.393704461043,NA,NA,NA,NA,NA,NA,NA,NA,NA,NA,NA,NA,NA
Puerto Rico,2024-01-01T00:00:00Z,2024,Jan,284.00028399999997,NA,NA,NA,NA,NA,NA,NA,NA,NA,NA,NA,NA,NA
Puerto Rico,2024-02-01T00:00:00Z,2024,Feb,226.000226,NA,NA,NA,NA,NA,NA,NA,NA,NA,NA,NA,NA,NA
Puerto Rico,2024-03-01T00:00:00Z,2024,Mar,222.000222,NA,NA,NA,NA,NA,NA,NA,NA,NA,NA,NA,NA,NA
Puerto Rico,2024-04-01T00:00:00Z,2024,Apr,341.00034099999993,NA,NA,NA,NA,NA,NA,NA,NA,NA,NA,NA,NA,NA
Puerto Rico,2024-05-01T00:00:00Z,2024,May,384.00038399999994,NA,NA,NA,NA,NA,NA,NA,NA,NA,NA,NA,NA,NA
Puerto Rico,2024-06-01T00:00:00Z,2024,Jun,417.00041699999997,NA,NA,NA,NA,NA,NA,NA,NA,NA,NA,NA,NA,NA
Puerto Rico,2024-07-01T00:00:00Z,2024,Jul,739.0007389999998,NA,NA,NA,NA,NA,NA,NA,NA,NA,NA,NA,NA,NA
Puerto Rico,2024-08-01T00:00:00Z,2024,Aug,593.0005930000002,NA,NA,NA,NA,NA,NA,NA,NA,NA,NA,NA,NA,NA
Puerto Rico,2024-09-01T00:00:00Z,2024,Sep,923.0009230000001,NA,NA,NA,NA,NA,NA,NA,NA,NA,NA,NA,NA,NA
Puerto Rico,2024-10-01T00:00:00Z,2024,Oct,721.0007209999994,NA,NA,NA,NA,NA,NA,NA,NA,NA,NA,NA,NA,NA
Puerto Rico,2024-11-01T00:00:00Z,2024,Nov,589.0005890000002,NA,NA,NA,NA,NA,NA,NA,NA,NA,NA,NA,NA,NA
Puerto Rico,2024-12-01T00:00:00Z,2024,Dec,648.9945610000004,NA,NA,NA,NA,NA,NA,NA,NA,NA,NA,NA,NA,NA
Puerto Rico,2025-01-01T00:00:00Z,2025,Jan,663,NA,NA,NA,NA,NA,NA,NA,NA,NA,NA,NA,NA,NA
Puerto Rico,2025-02-01T00:00:00Z,2025,Feb,389,NA,NA,NA,NA,NA,NA,NA,NA,NA,NA,NA,NA,NA
Puerto Rico,2025-03-01T00:00:00Z,2025,Mar,319,NA,NA,NA,NA,NA,NA,NA,NA,NA,NA,NA,NA,NA
Puerto Rico,2025-04-01T00:00:00Z,2025,Apr,195,NA,NA,NA,NA,NA,NA,NA,NA,NA,NA,NA,NA,NA
Puerto Rico,2025-05-01T00:00:00Z,2025,May,211.03862125582395,NA,NA,NA,NA,NA,NA,NA,NA,NA,NA,NA,NA,NA
Saint Barthelemy,2024-01-01T00:00:00Z,2024,Jan,76.00007599999999,NA,NA,NA,NA,NA,NA,NA,NA,NA,NA,NA,NA,NA
Saint Barthelemy,2024-02-01T00:00:00Z,2024,Feb,29.000028999999998,NA,NA,NA,NA,NA,NA,NA,NA,NA,NA,NA,NA,NA
Saint Barthelemy,2024-03-01T00:00:00Z,2024,Mar,9.000009000000006,NA,NA,NA,NA,NA,NA,NA,NA,NA,NA,NA,NA,NA
Saint Barthelemy,2024-04-01T00:00:00Z,2024,Apr,7.0000069999999965,NA,NA,NA,NA,NA,NA,NA,NA,NA,NA,NA,NA,NA
Saint Barthelemy,2024-05-01T00:00:00Z,2024,May,14.000014000000007,NA,NA,NA,NA,NA,NA,NA,NA,NA,NA,NA,NA,NA
Saint Barthelemy,2024-06-01T00:00:00Z,2024,Jun,6.000005999999985,NA,NA,NA,NA,NA,NA,NA,NA,NA,NA,NA,NA,NA
Saint Barthelemy,2024-07-01T00:00:00Z,2024,Jul,7.000007000000011,NA,NA,NA,NA,NA,NA,NA,NA,NA,NA,NA,NA,NA
Saint Barthelemy,2024-08-01T00:00:00Z,2024,Aug,0,NA,NA,NA,NA,NA,NA,NA,NA,NA,NA,NA,NA,NA
Saint Barthelemy,2024-09-01T00:00:00Z,2024,Sep,3.0000029999999924,NA,NA,NA,NA,NA,NA,NA,NA,NA,NA,NA,NA,NA
Saint Barthelemy,2024-10-01T00:00:00Z,2024,Oct,0,NA,NA,NA,NA,NA,NA,NA,NA,NA,NA,NA,NA,NA
Saint Barthelemy,2024-11-01T00:00:00Z,2024,Nov,6.000005999999985,NA,NA,NA,NA,NA,NA,NA,NA,NA,NA,NA,NA,NA
Saint Barthelemy,2024-12-01T00:00:00Z,2024,Dec,16.000016000000016,NA,NA,NA,NA,NA,NA,NA,NA,NA,NA,NA,NA,NA
Saint Barthelemy,2025-01-01T00:00:00Z,2025,Jan,17,NA,NA,NA,NA,NA,NA,NA,NA,NA,NA,NA,NA,NA
Saint Barthelemy,2025-02-01T00:00:00Z,2025,Feb,1,NA,NA,NA,NA,NA,NA,NA,NA,NA,NA,NA,NA,NA
Saint Barthelemy,2025-03-01T00:00:00Z,2025,Mar,2,NA,NA,NA,NA,NA,NA,NA,NA,NA,NA,NA,NA,NA
Saint Barthelemy,2025-04-01T00:00:00Z,2025,Apr,0,NA,NA,NA,NA,NA,NA,NA,NA,NA,NA,NA,NA,NA
Saint Barthelemy,2025-05-01T00:00:00Z,2025,May,0,NA,NA,NA,NA,NA,NA,NA,NA,NA,NA,NA,NA,NA
Saint Kitts and Nevis,2024-01-01T00:00:00Z,2024,Jan,118.00011799999999,NA,NA,NA,NA,NA,NA,NA,NA,NA,NA,NA,NA,NA
Saint Kitts and Nevis,2024-02-01T00:00:00Z,2024,Feb,19.00001900000001,NA,NA,NA,NA,NA,NA,NA,NA,NA,NA,NA,NA,NA
Saint Kitts and Nevis,2024-03-01T00:00:00Z,2024,Mar,13.000012999999996,NA,NA,NA,NA,NA,NA,NA,NA,NA,NA,NA,NA,NA
Saint Kitts and Nevis,2024-04-01T00:00:00Z,2024,Apr,3.0000029999999924,NA,NA,NA,NA,NA,NA,NA,NA,NA,NA,NA,NA,NA
Saint Kitts and Nevis,2024-05-01T00:00:00Z,2024,May,22.000022,NA,NA,NA,NA,NA,NA,NA,NA,NA,NA,NA,NA,NA
Saint Kitts and Nevis,2024-06-01T00:00:00Z,2024,Jun,23.000023,NA,NA,NA,NA,NA,NA,NA,NA,NA,NA,NA,NA,NA
Saint Kitts and Nevis,2024-07-01T00:00:00Z,2024,Jul,4.00000399999999,NA,NA,NA,NA,NA,NA,NA,NA,NA,NA,NA,NA,NA
Saint Kitts and Nevis,2024-08-01T00:00:00Z,2024,Aug,4.000004000000018,NA,NA,NA,NA,NA,NA,NA,NA,NA,NA,NA,NA,NA
Saint Kitts and Nevis,2024-09-01T00:00:00Z,2024,Sep,14.000013999999993,NA,NA,NA,NA,NA,NA,NA,NA,NA,NA,NA,NA,NA
Saint Kitts and Nevis,2024-10-01T00:00:00Z,2024,Oct,21.000021000000004,NA,NA,NA,NA,NA,NA,NA,NA,NA,NA,NA,NA,NA
Saint Kitts and Nevis,2024-11-01T00:00:00Z,2024,Nov,8.00000799999998,NA,NA,NA,NA,NA,NA,NA,NA,NA,NA,NA,NA,NA
Saint Kitts and Nevis,2024-12-01T00:00:00Z,2024,Dec,3.999751000000032,NA,NA,NA,NA,NA,NA,NA,NA,NA,NA,NA,NA,NA
Saint Kitts and Nevis,2025-01-01T00:00:00Z,2025,Jan,0,NA,NA,NA,NA,NA,NA,NA,NA,NA,NA,NA,NA,NA
Saint Kitts and Nevis,2025-02-01T00:00:00Z,2025,Feb,4,NA,NA,NA,NA,NA,NA,NA,NA,NA,NA,NA,NA,NA
Saint Kitts and Nevis,2025-03-01T00:00:00Z,2025,Mar,0,NA,NA,NA,NA,NA,NA,NA,NA,NA,NA,NA,NA,NA
Saint Kitts and Nevis,2025-04-01T00:00:00Z,2025,Apr,0,NA,NA,NA,NA,NA,NA,NA,NA,NA,NA,NA,NA,NA
Saint Kitts and Nevis,2025-05-01T00:00:00Z,2025,May,0,NA,NA,NA,NA,NA,NA,NA,NA,NA,NA,NA,NA,NA
Saint Kitts and Nevis,2025-06-01T00:00:00Z,2025,Jun,0,NA,NA,NA,NA,NA,NA,NA,NA,NA,NA,NA,NA,NA
Saint Lucia,2024-01-01T00:00:00Z,2024,Jan,0,NA,NA,NA,NA,NA,NA,NA,NA,NA,NA,NA,NA,NA
Saint Lucia,2024-02-01T00:00:00Z,2024,Feb,4.000004,NA,NA,NA,NA,NA,NA,NA,NA,NA,NA,NA,NA,NA
Saint Lucia,2024-03-01T00:00:00Z,2024,Mar,0,NA,NA,NA,NA,NA,NA,NA,NA,NA,NA,NA,NA,NA
Saint Lucia,2024-04-01T00:00:00Z,2024,Apr,1.0000010000000001,NA,NA,NA,NA,NA,NA,NA,NA,NA,NA,NA,NA,NA
Saint Lucia,2024-05-01T00:00:00Z,2024,May,2.0000019999999994,NA,NA,NA,NA,NA,NA,NA,NA,NA,NA,NA,NA,NA
Saint Lucia,2024-06-01T00:00:00Z,2024,Jun,6.000006,NA,NA,NA,NA,NA,NA,NA,NA,NA,NA,NA,NA,NA
Saint Lucia,2024-07-01T00:00:00Z,2024,Jul,9.000008999999999,NA,NA,NA,NA,NA,NA,NA,NA,NA,NA,NA,NA,NA
Saint Lucia,2024-08-01T00:00:00Z,2024,Aug,38.000038,NA,NA,NA,NA,NA,NA,NA,NA,NA,NA,NA,NA,NA
Saint Lucia,2024-09-01T00:00:00Z,2024,Sep,217.000217,NA,NA,NA,NA,NA,NA,NA,NA,NA,NA,NA,NA,NA
Saint Lucia,2024-10-01T00:00:00Z,2024,Oct,118.00011799999999,NA,NA,NA,NA,NA,NA,NA,NA,NA,NA,NA,NA,NA
Saint Lucia,2024-11-01T00:00:00Z,2024,Nov,14.000014000000021,NA,NA,NA,NA,NA,NA,NA,NA,NA,NA,NA,NA,NA
Saint Lucia,2024-12-01T00:00:00Z,2024,Dec,22.99959100000001,NA,NA,NA,NA,NA,NA,NA,NA,NA,NA,NA,NA,NA
Saint Lucia,2025-01-01T00:00:00Z,2025,Jan,8,NA,NA,NA,NA,NA,NA,NA,NA,NA,NA,NA,NA,NA
Saint Lucia,2025-02-01T00:00:00Z,2025,Feb,10,NA,NA,NA,NA,NA,NA,NA,NA,NA,NA,NA,NA,NA
Saint Lucia,2025-03-01T00:00:00Z,2025,Mar,6,NA,NA,NA,NA,NA,NA,NA,NA,NA,NA,NA,NA,NA
Saint Lucia,2025-04-01T00:00:00Z,2025,Apr,6,NA,NA,NA,NA,NA,NA,NA,NA,NA,NA,NA,NA,NA
Saint Lucia,2025-05-01T00:00:00Z,2025,May,1,NA,NA,NA,NA,NA,NA,NA,NA,NA,NA,NA,NA,NA
Saint Lucia,2025-06-01T00:00:00Z,2025,Jun,0,NA,NA,NA,NA,NA,NA,NA,NA,NA,NA,NA,NA,NA
Saint Martin (French part),2024-01-01T00:00:00Z,2024,Jan,226.00022599999997,NA,NA,NA,NA,NA,NA,NA,NA,NA,NA,NA,NA,NA
Saint Martin (French part),2024-02-01T00:00:00Z,2024,Feb,169.000169,NA,NA,NA,NA,NA,NA,NA,NA,NA,NA,NA,NA,NA
Saint Martin (French part),2024-03-01T00:00:00Z,2024,Mar,44.000044,NA,NA,NA,NA,NA,NA,NA,NA,NA,NA,NA,NA,NA
Saint Martin (French part),2024-04-01T00:00:00Z,2024,Apr,30.00002999999998,NA,NA,NA,NA,NA,NA,NA,NA,NA,NA,NA,NA,NA
Saint Martin (French part),2024-05-01T00:00:00Z,2024,May,46.000046,NA,NA,NA,NA,NA,NA,NA,NA,NA,NA,NA,NA,NA
Saint Martin (French part),2024-06-01T00:00:00Z,2024,Jun,40.00004000000001,NA,NA,NA,NA,NA,NA,NA,NA,NA,NA,NA,NA,NA
Saint Martin (French part),2024-07-01T00:00:00Z,2024,Jul,6.000005999999985,NA,NA,NA,NA,NA,NA,NA,NA,NA,NA,NA,NA,NA
Saint Martin (French part),2024-08-01T00:00:00Z,2024,Aug,0,NA,NA,NA,NA,NA,NA,NA,NA,NA,NA,NA,NA,NA
Saint Martin (French part),2024-09-01T00:00:00Z,2024,Sep,6.000005999999985,NA,NA,NA,NA,NA,NA,NA,NA,NA,NA,NA,NA,NA
Saint Martin (French part),2024-10-01T00:00:00Z,2024,Oct,39.000039000000015,NA,NA,NA,NA,NA,NA,NA,NA,NA,NA,NA,NA,NA
Saint Martin (French part),2024-11-01T00:00:00Z,2024,Nov,10.000009999999975,NA,NA,NA,NA,NA,NA,NA,NA,NA,NA,NA,NA,NA
Saint Martin (French part),2024-12-01T00:00:00Z,2024,Dec,8.00000799999998,NA,NA,NA,NA,NA,NA,NA,NA,NA,NA,NA,NA,NA
Saint Martin (French part),2025-01-01T00:00:00Z,2025,Jan,53.000052999999994,NA,NA,NA,NA,NA,NA,NA,NA,NA,NA,NA,NA,NA
Saint Martin (French part),2025-02-01T00:00:00Z,2025,Feb,17.000017,NA,NA,NA,NA,NA,NA,NA,NA,NA,NA,NA,NA,NA
Saint Martin (French part),2025-03-01T00:00:00Z,2025,Mar,18.000017999999997,NA,NA,NA,NA,NA,NA,NA,NA,NA,NA,NA,NA,NA
Saint Martin (French part),2025-04-01T00:00:00Z,2025,Apr,32.000032000000004,NA,NA,NA,NA,NA,NA,NA,NA,NA,NA,NA,NA,NA
Saint Martin (French part),2025-05-01T00:00:00Z,2025,May,24.000023999999982,NA,NA,NA,NA,NA,NA,NA,NA,NA,NA,NA,NA,NA
Saint Vincent and the Grenadines,2024-01-01T00:00:00Z,2024,Jan,NA,NA,NA,NA,NA,NA,NA,NA,NA,NA,NA,NA,NA,NA
Saint Vincent and the Grenadines,2024-02-01T00:00:00Z,2024,Feb,NA,NA,NA,NA,NA,NA,NA,NA,NA,NA,NA,NA,NA,NA
Saint Vincent and the Grenadines,2024-03-01T00:00:00Z,2024,Mar,NA,NA,NA,NA,NA,NA,NA,NA,NA,NA,NA,NA,NA,NA
Saint Vincent and the Grenadines,2024-04-01T00:00:00Z,2024,Apr,0,NA,NA,NA,NA,NA,NA,NA,NA,NA,NA,NA,NA,NA
Saint Vincent and the Grenadines,2024-05-01T00:00:00Z,2024,May,9.000008999999999,NA,NA,NA,NA,NA,NA,NA,NA,NA,NA,NA,NA,NA
Saint Vincent and the Grenadines,2024-06-01T00:00:00Z,2024,Jun,7.000006999999998,NA,NA,NA,NA,NA,NA,NA,NA,NA,NA,NA,NA,NA
Saint Vincent and the Grenadines,2024-07-01T00:00:00Z,2024,Jul,30.000029999999995,NA,NA,NA,NA,NA,NA,NA,NA,NA,NA,NA,NA,NA
Saint Vincent and the Grenadines,2024-08-01T00:00:00Z,2024,Aug,27.000027000000003,NA,NA,NA,NA,NA,NA,NA,NA,NA,NA,NA,NA,NA
Saint Vincent and the Grenadines,2024-09-01T00:00:00Z,2024,Sep,846.0008459999999,NA,NA,NA,NA,NA,NA,NA,NA,NA,NA,NA,NA,NA
Saint Vincent and the Grenadines,2024-10-01T00:00:00Z,2024,Oct,46.000046,NA,NA,NA,NA,NA,NA,NA,NA,NA,NA,NA,NA,NA
Saint Vincent and the Grenadines,2024-11-01T00:00:00Z,2024,Nov,NA,NA,NA,NA,NA,NA,NA,NA,NA,NA,NA,NA,NA,NA
Saint Vincent and the Grenadines,2024-12-01T00:00:00Z,2024,Dec,NA,NA,NA,NA,NA,NA,NA,NA,NA,NA,NA,NA,NA,NA
Saint Vincent and the Grenadines,2025-01-01T00:00:00Z,2025,Jan,0,NA,NA,NA,NA,NA,NA,NA,NA,NA,NA,NA,NA,NA
Saint Vincent and the Grenadines,2025-02-01T00:00:00Z,2025,Feb,2,NA,NA,NA,NA,NA,NA,NA,NA,NA,NA,NA,NA,NA
Saint Vincent and the Grenadines,2025-03-01T00:00:00Z,2025,Mar,0.06786864416062022,NA,NA,NA,NA,NA,NA,NA,NA,NA,NA,NA,NA,NA
Saint Vincent and the Grenadines,2025-04-01T00:00:00Z,2025,Apr,1.05713135583939,NA,NA,NA,NA,NA,NA,NA,NA,NA,NA,NA,NA,NA
Sint Maarten (Dutch part),2024-01-01T00:00:00Z,2024,Jan,53.000052999999994,NA,NA,NA,NA,NA,NA,NA,NA,NA,NA,NA,NA,NA
Sint Maarten (Dutch part),2024-02-01T00:00:00Z,2024,Feb,33.000033,NA,NA,NA,NA,NA,NA,NA,NA,NA,NA,NA,NA,NA
Sint Maarten (Dutch part),2024-03-01T00:00:00Z,2024,Mar,29.000028999999998,NA,NA,NA,NA,NA,NA,NA,NA,NA,NA,NA,NA,NA
Sint Maarten (Dutch part),2024-04-01T00:00:00Z,2024,Apr,NA,NA,NA,NA,NA,NA,NA,NA,NA,NA,NA,NA,NA,NA
Sint Maarten (Dutch part),2024-05-01T00:00:00Z,2024,May,NA,NA,NA,NA,NA,NA,NA,NA,NA,NA,NA,NA,NA,NA
Sint Maarten (Dutch part),2024-06-01T00:00:00Z,2024,Jun,NA,NA,NA,NA,NA,NA,NA,NA,NA,NA,NA,NA,NA,NA
Sint Maarten (Dutch part),2024-07-01T00:00:00Z,2024,Jul,NA,NA,NA,NA,NA,NA,NA,NA,NA,NA,NA,NA,NA,NA
Sint Maarten (Dutch part),2024-08-01T00:00:00Z,2024,Aug,0,NA,NA,NA,NA,NA,NA,NA,NA,NA,NA,NA,NA,NA
Sint Maarten (Dutch part),2024-09-01T00:00:00Z,2024,Sep,4.00000399999999,NA,NA,NA,NA,NA,NA,NA,NA,NA,NA,NA,NA,NA
Sint Maarten (Dutch part),2024-10-01T00:00:00Z,2024,Oct,NA,NA,NA,NA,NA,NA,NA,NA,NA,NA,NA,NA,NA,NA
Sint Maarten (Dutch part),2024-11-01T00:00:00Z,2024,Nov,NA,NA,NA,NA,NA,NA,NA,NA,NA,NA,NA,NA,NA,NA
Sint Maarten (Dutch part),2024-12-01T00:00:00Z,2024,Dec,NA,NA,NA,NA,NA,NA,NA,NA,NA,NA,NA,NA,NA,NA
Sint Maarten (Dutch part),2025-01-01T00:00:00Z,2025,Jan,0,NA,NA,NA,NA,NA,NA,NA,NA,NA,NA,NA,NA,NA
Sint Maarten (Dutch part),2025-02-01T00:00:00Z,2025,Feb,0,NA,NA,NA,NA,NA,NA,NA,NA,NA,NA,NA,NA,NA
Sint Maarten (Dutch part),2025-03-01T00:00:00Z,2025,Mar,0,NA,NA,NA,NA,NA,NA,NA,NA,NA,NA,NA,NA,NA
Sint Maarten (Dutch part),2025-04-01T00:00:00Z,2025,Apr,0,NA,NA,NA,NA,NA,NA,NA,NA,NA,NA,NA,NA,NA
Sint Maarten (Dutch part),2025-05-01T00:00:00Z,2025,May,6.000005999999999,NA,NA,NA,NA,NA,NA,NA,NA,NA,NA,NA,NA,NA
Suriname,2024-01-01T00:00:00Z,2024,Jan,27.000027,NA,NA,NA,NA,NA,NA,NA,NA,NA,NA,NA,NA,NA
Suriname,2024-02-01T00:00:00Z,2024,Feb,38.00003799999999,NA,NA,NA,NA,NA,NA,NA,NA,NA,NA,NA,NA,NA
Suriname,2024-03-01T00:00:00Z,2024,Mar,17.000017,NA,NA,NA,NA,NA,NA,NA,NA,NA,NA,NA,NA,NA
Suriname,2024-04-01T00:00:00Z,2024,Apr,11.000011,NA,NA,NA,NA,NA,NA,NA,NA,NA,NA,NA,NA,NA
Suriname,2024-05-01T00:00:00Z,2024,May,2.000001999999995,NA,NA,NA,NA,NA,NA,NA,NA,NA,NA,NA,NA,NA
Trinidad and Tobago,2024-01-01T00:00:00Z,2024,Jan,110.00010999999999,NA,NA,NA,NA,NA,NA,NA,NA,NA,NA,NA,NA,NA
Trinidad and Tobago,2024-02-01T00:00:00Z,2024,Feb,NA,NA,NA,NA,NA,NA,NA,NA,NA,NA,NA,NA,NA,NA
Trinidad and Tobago,2024-03-01T00:00:00Z,2024,Mar,NA,NA,NA,NA,NA,NA,NA,NA,NA,NA,NA,NA,NA,NA
Trinidad and Tobago,2024-04-01T00:00:00Z,2024,Apr,NA,NA,NA,NA,NA,NA,NA,NA,NA,NA,NA,NA,NA,NA
Trinidad and Tobago,2024-05-01T00:00:00Z,2024,May,NA,NA,NA,NA,NA,NA,NA,NA,NA,NA,NA,NA,NA,NA
Trinidad and Tobago,2024-06-01T00:00:00Z,2024,Jun,124.000124,NA,NA,NA,NA,NA,NA,NA,NA,NA,NA,NA,NA,NA
Trinidad and Tobago,2024-07-01T00:00:00Z,2024,Jul,677.000677,NA,NA,NA,NA,NA,NA,NA,NA,NA,NA,NA,NA,NA
Trinidad and Tobago,2024-08-01T00:00:00Z,2024,Aug,28.00002799999993,NA,NA,NA,NA,NA,NA,NA,NA,NA,NA,NA,NA,NA
Trinidad and Tobago,2024-09-01T00:00:00Z,2024,Sep,384.00038399999994,NA,NA,NA,NA,NA,NA,NA,NA,NA,NA,NA,NA,NA
Trinidad and Tobago,2024-10-01T00:00:00Z,2024,Oct,365.0003649999999,NA,NA,NA,NA,NA,NA,NA,NA,NA,NA,NA,NA,NA
Trinidad and Tobago,2024-11-01T00:00:00Z,2024,Nov,202.00020200000017,NA,NA,NA,NA,NA,NA,NA,NA,NA,NA,NA,NA,NA
Trinidad and Tobago,2024-12-01T00:00:00Z,2024,Dec,NA,NA,NA,NA,NA,NA,NA,NA,NA,NA,NA,NA,NA,NA
Trinidad and Tobago,2025-01-01T00:00:00Z,2025,Jan,0,NA,NA,NA,NA,NA,NA,NA,NA,NA,NA,NA,NA,NA
Trinidad and Tobago,2025-02-01T00:00:00Z,2025,Feb,0,NA,NA,NA,NA,NA,NA,NA,NA,NA,NA,NA,NA,NA
Trinidad and Tobago,2025-03-01T00:00:00Z,2025,Mar,0,NA,NA,NA,NA,NA,NA,NA,NA,NA,NA,NA,NA,NA
Trinidad and Tobago,2025-04-01T00:00:00Z,2025,Apr,0,NA,NA,NA,NA,NA,NA,NA,NA,NA,NA,NA,NA,NA
Trinidad and Tobago,2025-05-01T00:00:00Z,2025,May,4.39733208624852,NA,NA,NA,NA,NA,NA,NA,NA,NA,NA,NA,NA,NA
Turks and Caicos Islands,2024-01-01T00:00:00Z,2024,Jan,27.000027,NA,NA,NA,NA,NA,NA,NA,NA,NA,NA,NA,NA,NA
Turks and Caicos Islands,2024-02-01T00:00:00Z,2024,Feb,NA,NA,NA,NA,NA,NA,NA,NA,NA,NA,NA,NA,NA,NA
Turks and Caicos Islands,2024-03-01T00:00:00Z,2024,Mar,NA,NA,NA,NA,NA,NA,NA,NA,NA,NA,NA,NA,NA,NA
Turks and Caicos Islands,2024-04-01T00:00:00Z,2024,Apr,NA,NA,NA,NA,NA,NA,NA,NA,NA,NA,NA,NA,NA,NA
Turks and Caicos Islands,2024-05-01T00:00:00Z,2024,May,NA,NA,NA,NA,NA,NA,NA,NA,NA,NA,NA,NA,NA,NA
Turks and Caicos Islands,2024-06-01T00:00:00Z,2024,Jun,0,NA,NA,NA,NA,NA,NA,NA,NA,NA,NA,NA,NA,NA
Turks and Caicos Islands,2024-07-01T00:00:00Z,2024,Jul,8.000007999999994,NA,NA,NA,NA,NA,NA,NA,NA,NA,NA,NA,NA,NA
Turks and Caicos Islands,2024-08-01T00:00:00Z,2024,Aug,0,NA,NA,NA,NA,NA,NA,NA,NA,NA,NA,NA,NA,NA
Turks and Caicos Islands,2024-09-01T00:00:00Z,2024,Sep,7.0000069999999965,NA,NA,NA,NA,NA,NA,NA,NA,NA,NA,NA,NA,NA
Turks and Caicos Islands,2024-10-01T00:00:00Z,2024,Oct,0,NA,NA,NA,NA,NA,NA,NA,NA,NA,NA,NA,NA,NA
Turks and Caicos Islands,2024-11-01T00:00:00Z,2024,Nov,0,NA,NA,NA,NA,NA,NA,NA,NA,NA,NA,NA,NA,NA
Turks and Caicos Islands,2024-12-01T00:00:00Z,2024,Dec,0,NA,NA,NA,NA,NA,NA,NA,NA,NA,NA,NA,NA,NA
Turks and Caicos Islands,2025-01-01T00:00:00Z,2025,Jan,0,NA,NA,NA,NA,NA,NA,NA,NA,NA,NA,NA,NA,NA
Turks and Caicos Islands,2025-02-01T00:00:00Z,2025,Feb,0,NA,NA,NA,NA,NA,NA,NA,NA,NA,NA,NA,NA,NA
Turks and Caicos Islands,2025-03-01T00:00:00Z,2025,Mar,0,NA,NA,NA,NA,NA,NA,NA,NA,NA,NA,NA,NA,NA
Turks and Caicos Islands,2025-04-01T00:00:00Z,2025,Apr,0,NA,NA,NA,NA,NA,NA,NA,NA,NA,NA,NA,NA,NA
Turks and Caicos Islands,2025-05-01T00:00:00Z,2025,May,1,NA,NA,NA,NA,NA,NA,NA,NA,NA,NA,NA,NA,NA
United States,2024-01-01T00:00:00Z,2024,Jan,49.000049,NA,NA,NA,NA,NA,NA,NA,NA,NA,NA,NA,NA,NA
United States,2024-02-01T00:00:00Z,2024,Feb,144.000144,NA,NA,NA,NA,NA,NA,NA,NA,NA,NA,NA,NA,NA
United States,2024-03-01T00:00:00Z,2024,Mar,116.00011599999996,NA,NA,NA,NA,NA,NA,NA,NA,NA,NA,NA,NA,NA
United States,2024-04-01T00:00:00Z,2024,Apr,240.00024000000002,NA,NA,NA,NA,NA,NA,NA,NA,NA,NA,NA,NA,NA
United States,2024-05-01T00:00:00Z,2024,May,130.00013,NA,NA,NA,NA,NA,NA,NA,NA,NA,NA,NA,NA,NA
United States,2024-06-01T00:00:00Z,2024,Jun,136.000136,NA,NA,NA,NA,NA,NA,NA,NA,NA,NA,NA,NA,NA
United States,2024-07-01T00:00:00Z,2024,Jul,259.000259,NA,NA,NA,NA,NA,NA,NA,NA,NA,NA,NA,NA,NA
United States,2024-08-01T00:00:00Z,2024,Aug,357.0003569999999,NA,NA,NA,NA,NA,NA,NA,NA,NA,NA,NA,NA,NA
United States,2024-09-01T00:00:00Z,2024,Sep,653.0006529999998,NA,NA,NA,NA,NA,NA,NA,NA,NA,NA,NA,NA,NA
United States,2024-10-01T00:00:00Z,2024,Oct,352.000352,NA,NA,NA,NA,NA,NA,NA,NA,NA,NA,NA,NA,NA
United States,2024-11-01T00:00:00Z,2024,Nov,314.0003139999999,NA,NA,NA,NA,NA,NA,NA,NA,NA,NA,NA,NA,NA
United States,2024-12-01T00:00:00Z,2024,Dec,321.000321,NA,NA,NA,NA,NA,NA,NA,NA,NA,NA,NA,NA,NA
United States,2025-01-01T00:00:00Z,2025,Jan,78.00007799999999,NA,NA,NA,NA,NA,NA,NA,NA,NA,NA,NA,NA,NA
United States,2025-02-01T00:00:00Z,2025,Feb,65.00006499999999,NA,NA,NA,NA,NA,NA,NA,NA,NA,NA,NA,NA,NA
United States,2025-03-01T00:00:00Z,2025,Mar,71.00007099999999,NA,NA,NA,NA,NA,NA,NA,NA,NA,NA,NA,NA,NA
United States,2025-04-01T00:00:00Z,2025,Apr,62.000062000000014,NA,NA,NA,NA,NA,NA,NA,NA,NA,NA,NA,NA,NA
United States,2025-05-01T00:00:00Z,2025,May,46.000046,NA,NA,NA,NA,NA,NA,NA,NA,NA,NA,NA,NA,NA
United States,2025-06-01T00:00:00Z,2025,Jun,17.000017000000014,NA,NA,NA,NA,NA,NA,NA,NA,NA,NA,NA,NA,NA
United States Virgin Islands,2024-01-01T00:00:00Z,2024,Jan,0,NA,NA,NA,NA,NA,NA,NA,NA,NA,NA,NA,NA,NA
United States Virgin Islands,2024-02-01T00:00:00Z,2024,Feb,0,NA,NA,NA,NA,NA,NA,NA,NA,NA,NA,NA,NA,NA
United States Virgin Islands,2024-03-01T00:00:00Z,2024,Mar,0,NA,NA,NA,NA,NA,NA,NA,NA,NA,NA,NA,NA,NA
United States Virgin Islands,2024-04-01T00:00:00Z,2024,Apr,0,NA,NA,NA,NA,NA,NA,NA,NA,NA,NA,NA,NA,NA
United States Virgin Islands,2024-05-01T00:00:00Z,2024,May,6.000005999999999,NA,NA,NA,NA,NA,NA,NA,NA,NA,NA,NA,NA,NA
United States Virgin Islands,2024-06-01T00:00:00Z,2024,Jun,8.000008,NA,NA,NA,NA,NA,NA,NA,NA,NA,NA,NA,NA,NA
United States Virgin Islands,2024-07-01T00:00:00Z,2024,Jul,20.00002,NA,NA,NA,NA,NA,NA,NA,NA,NA,NA,NA,NA,NA
United States Virgin Islands,2024-08-01T00:00:00Z,2024,Aug,60.00005999999999,NA,NA,NA,NA,NA,NA,NA,NA,NA,NA,NA,NA,NA
United States Virgin Islands,2024-09-01T00:00:00Z,2024,Sep,43.000043000000005,NA,NA,NA,NA,NA,NA,NA,NA,NA,NA,NA,NA,NA
United States Virgin Islands,2024-10-01T00:00:00Z,2024,Oct,18.000017999999983,NA,NA,NA,NA,NA,NA,NA,NA,NA,NA,NA,NA,NA
United States Virgin Islands,2024-11-01T00:00:00Z,2024,Nov,22.000022,NA,NA,NA,NA,NA,NA,NA,NA,NA,NA,NA,NA,NA
United States Virgin Islands,2024-12-01T00:00:00Z,2024,Dec,8.000008000000008,NA,NA,NA,NA,NA,NA,NA,NA,NA,NA,NA,NA,NA
United States Virgin Islands,2025-01-01T00:00:00Z,2025,Jan,1.000001,NA,NA,NA,NA,NA,NA,NA,NA,NA,NA,NA,NA,NA
United States Virgin Islands,2025-02-01T00:00:00Z,2025,Feb,32.000032,NA,NA,NA,NA,NA,NA,NA,NA,NA,NA,NA,NA,NA
United States Virgin Islands,2025-03-01T00:00:00Z,2025,Mar,8.000008000000001,NA,NA,NA,NA,NA,NA,NA,NA,NA,NA,NA,NA,NA
United States Virgin Islands,2025-04-01T00:00:00Z,2025,Apr,0,NA,NA,NA,NA,NA,NA,NA,NA,NA,NA,NA,NA,NA
United States Virgin Islands,2025-05-01T00:00:00Z,2025,May,4.000003999999997,NA,NA,NA,NA,NA,NA,NA,NA,NA,NA,NA,NA,NA
United States Virgin Islands,2025-06-01T00:00:00Z,2025,Jun,2.000002000000002,NA,NA,NA,NA,NA,NA,NA,NA,NA,NA,NA,NA,NA
Uruguay,2024-01-01T00:00:00Z,2024,Jan,0,NA,NA,NA,NA,NA,NA,NA,NA,NA,NA,NA,NA,NA
Uruguay,2024-02-01T00:00:00Z,2024,Feb,0,NA,NA,NA,NA,NA,NA,NA,NA,NA,NA,NA,NA,NA
Uruguay,2024-03-01T00:00:00Z,2024,Mar,113.00011299999998,NA,NA,NA,NA,NA,NA,NA,NA,NA,NA,NA,NA,NA
Uruguay,2024-04-01T00:00:00Z,2024,Apr,373.00037299999997,NA,NA,NA,NA,NA,NA,NA,NA,NA,NA,NA,NA,NA
Uruguay,2024-05-01T00:00:00Z,2024,May,215.00021499999997,NA,NA,NA,NA,NA,NA,NA,NA,NA,NA,NA,NA,NA
Uruguay,2024-06-01T00:00:00Z,2024,Jun,0,NA,NA,NA,NA,NA,NA,NA,NA,NA,NA,NA,NA,NA
Uruguay,2024-07-01T00:00:00Z,2024,Jul,0,NA,NA,NA,NA,NA,NA,NA,NA,NA,NA,NA,NA,NA
Uruguay,2024-08-01T00:00:00Z,2024,Aug,0,NA,NA,NA,NA,NA,NA,NA,NA,NA,NA,NA,NA,NA
Uruguay,2024-09-01T00:00:00Z,2024,Sep,0,NA,NA,NA,NA,NA,NA,NA,NA,NA,NA,NA,NA,NA
Uruguay,2024-10-01T00:00:00Z,2024,Oct,0,NA,NA,NA,NA,NA,NA,NA,NA,NA,NA,NA,NA,NA
Uruguay,2024-11-01T00:00:00Z,2024,Nov,0,NA,NA,NA,NA,NA,NA,NA,NA,NA,NA,NA,NA,NA
Uruguay,2024-12-01T00:00:00Z,2024,Dec,10.999299000000065,NA,NA,NA,NA,NA,NA,NA,NA,NA,NA,NA,NA,NA
Uruguay,2025-01-01T00:00:00Z,2025,Jan,0,NA,NA,NA,NA,NA,NA,NA,NA,NA,NA,NA,NA,NA
Uruguay,2025-02-01T00:00:00Z,2025,Feb,0,NA,NA,NA,NA,NA,NA,NA,NA,NA,NA,NA,NA,NA
Uruguay,2025-03-01T00:00:00Z,2025,Mar,1,NA,NA,NA,NA,NA,NA,NA,NA,NA,NA,NA,NA,NA
Uruguay,2025-04-01T00:00:00Z,2025,Apr,1,NA,NA,NA,NA,NA,NA,NA,NA,NA,NA,NA,NA,NA
Uruguay,2025-05-01T00:00:00Z,2025,May,4.17142857142858,NA,NA,NA,NA,NA,NA,NA,NA,NA,NA,NA,NA,NA
Uruguay,2025-06-01T00:00:00Z,2025,Jun,-0.08071086807929984,NA,NA,NA,NA,NA,NA,NA,NA,NA,NA,NA,NA,NA
India,2024-01-01T00:00:00Z,2024,Jan,5079,NA,NA,NA,NA,NA,NA,NA,NA,NA,NA,NA,NA,NA
India,2024-02-01T00:00:00Z,2024,Feb,5429,NA,NA,NA,NA,NA,NA,NA,NA,NA,NA,NA,NA,NA
India,2024-03-01T00:00:00Z,2024,Mar,5597,NA,NA,NA,NA,NA,NA,NA,NA,NA,NA,NA,NA,NA
India,2024-04-01T00:00:00Z,2024,Apr,3342,NA,NA,NA,NA,NA,NA,NA,NA,NA,NA,NA,NA,NA
India,2024-05-01T00:00:00Z,2024,May,5145,NA,NA,NA,NA,NA,NA,NA,NA,NA,NA,NA,NA,NA
India,2024-06-01T00:00:00Z,2024,Jun,7499,NA,NA,NA,NA,NA,NA,NA,NA,NA,NA,NA,NA,NA
India,2024-07-01T00:00:00Z,2024,Jul,27675,NA,NA,NA,NA,NA,NA,NA,NA,NA,NA,NA,NA,NA
India,2024-08-01T00:00:00Z,2024,Aug,32388,NA,NA,NA,NA,NA,NA,NA,NA,NA,NA,NA,NA,NA
India,2024-09-01T00:00:00Z,2024,Sep,41375,NA,NA,NA,NA,NA,NA,NA,NA,NA,NA,NA,NA,NA
India,2024-10-01T00:00:00Z,2024,Oct,51183,NA,NA,NA,NA,NA,NA,NA,NA,NA,NA,NA,NA,NA
India,2024-11-01T00:00:00Z,2024,Nov,30354,NA,NA,NA,NA,NA,NA,NA,NA,NA,NA,NA,NA,NA
India,2024-12-01T00:00:00Z,2024,Dec,17359,NA,NA,NA,NA,NA,NA,NA,NA,NA,NA,NA,NA,NA
India,2025-01-01T00:00:00Z,2025,Jan,4700,NA,NA,NA,NA,NA,NA,NA,NA,NA,NA,NA,NA,NA
India,2025-02-01T00:00:00Z,2025,Feb,3806,NA,NA,NA,NA,NA,NA,NA,NA,NA,NA,NA,NA,NA
India,2025-03-01T00:00:00Z,2025,Mar,3517,NA,NA,NA,NA,NA,NA,NA,NA,NA,NA,NA,NA,NA
India,2025-04-01T00:00:00Z,2025,Apr,2700,NA,NA,NA,NA,NA,NA,NA,NA,NA,NA,NA,NA,NA
India,2025-05-01T00:00:00Z,2025,May,3766,NA,NA,NA,NA,NA,NA,NA,NA,NA,NA,NA,NA,NA
India,2025-06-01T00:00:00Z,2025,Jun,0,NA,NA,NA,NA,NA,NA,NA,NA,NA,NA,NA,NA,NA
India,2025-07-01T00:00:00Z,2025,Jul,0,NA,NA,NA,NA,NA,NA,NA,NA,NA,NA,NA,NA,NA
India,2025-08-01T00:00:00Z,2025,Aug,0,NA,NA,NA,NA,NA,NA,NA,NA,NA,NA,NA,NA,NA
India,2025-09-01T00:00:00Z,2025,Sep,0,NA,NA,NA,NA,NA,NA,NA,NA,NA,NA,NA,NA,NA
India,2025-10-01T00:00:00Z,2025,Oct,0,NA,NA,NA,NA,NA,NA,NA,NA,NA,NA,NA,NA,NA
India,2025-11-01T00:00:00Z,2025,Nov,0,NA,NA,NA,NA,NA,NA,NA,NA,NA,NA,NA,NA,NA
India,2025-12-01T00:00:00Z,2025,Dec,0,NA,NA,NA,NA,NA,NA,NA,NA,NA,NA,NA,NA,NA
Maldives,2024-01-01T00:00:00Z,2024,Jan,138,NA,NA,NA,NA,NA,NA,NA,NA,NA,NA,NA,NA,NA
Maldives,2024-02-01T00:00:00Z,2024,Feb,120,NA,NA,NA,NA,NA,NA,NA,NA,NA,NA,NA,NA,NA
Maldives,2024-03-01T00:00:00Z,2024,Mar,125,NA,NA,NA,NA,NA,NA,NA,NA,NA,NA,NA,NA,NA
Maldives,2024-04-01T00:00:00Z,2024,Apr,255,NA,NA,NA,NA,NA,NA,NA,NA,NA,NA,NA,NA,NA
Maldives,2024-05-01T00:00:00Z,2024,May,667,NA,NA,NA,NA,NA,NA,NA,NA,NA,NA,NA,NA,NA
Maldives,2024-06-01T00:00:00Z,2024,Jun,618,NA,NA,NA,NA,NA,NA,NA,NA,NA,NA,NA,NA,NA
Maldives,2024-07-01T00:00:00Z,2024,Jul,440,NA,NA,NA,NA,NA,NA,NA,NA,NA,NA,NA,NA,NA
Maldives,2024-08-01T00:00:00Z,2024,Aug,394,NA,NA,NA,NA,NA,NA,NA,NA,NA,NA,NA,NA,NA
Maldives,2024-09-01T00:00:00Z,2024,Sep,180,NA,NA,NA,NA,NA,NA,NA,NA,NA,NA,NA,NA,NA
Maldives,2024-10-01T00:00:00Z,2024,Oct,117,NA,NA,NA,NA,NA,NA,NA,NA,NA,NA,NA,NA,NA
Maldives,2024-11-01T00:00:00Z,2024,Nov,124,NA,NA,NA,NA,NA,NA,NA,NA,NA,NA,NA,NA,NA
Maldives,2024-12-01T00:00:00Z,2024,Dec,68,NA,NA,NA,NA,NA,NA,NA,NA,NA,NA,NA,NA,NA
Maldives,2025-01-01T00:00:00Z,2025,Jan,72,NA,NA,NA,NA,NA,NA,NA,NA,NA,NA,NA,NA,NA
Maldives,2025-02-01T00:00:00Z,2025,Feb,74,NA,NA,NA,NA,NA,NA,NA,NA,NA,NA,NA,NA,NA
Maldives,2025-03-01T00:00:00Z,2025,Mar,69,NA,NA,NA,NA,NA,NA,NA,NA,NA,NA,NA,NA,NA
Maldives,2025-04-01T00:00:00Z,2025,Apr,120,NA,NA,NA,NA,NA,NA,NA,NA,NA,NA,NA,NA,NA
Maldives,2025-05-01T00:00:00Z,2025,May,116,NA,NA,NA,NA,NA,NA,NA,NA,NA,NA,NA,NA,NA
Maldives,2025-06-01T00:00:00Z,2025,Jun,0,NA,NA,NA,NA,NA,NA,NA,NA,NA,NA,NA,NA,NA
Maldives,2025-07-01T00:00:00Z,2025,Jul,0,NA,NA,NA,NA,NA,NA,NA,NA,NA,NA,NA,NA,NA
Maldives,2025-08-01T00:00:00Z,2025,Aug,0,NA,NA,NA,NA,NA,NA,NA,NA,NA,NA,NA,NA,NA
Maldives,2025-09-01T00:00:00Z,2025,Sep,0,NA,NA,NA,NA,NA,NA,NA,NA,NA,NA,NA,NA,NA
Maldives,2025-10-01T00:00:00Z,2025,Oct,0,NA,NA,NA,NA,NA,NA,NA,NA,NA,NA,NA,NA,NA
Maldives,2025-11-01T00:00:00Z,2025,Nov,0,NA,NA,NA,NA,NA,NA,NA,NA,NA,NA,NA,NA,NA
Maldives,2025-12-01T00:00:00Z,2025,Dec,0,NA,NA,NA,NA,NA,NA,NA,NA,NA,NA,NA,NA,NA
Myanmar,2024-01-01T00:00:00Z,2024,Jan,208,NA,NA,NA,NA,NA,NA,NA,NA,NA,NA,NA,NA,NA
Myanmar,2024-02-01T00:00:00Z,2024,Feb,181,NA,NA,NA,NA,NA,NA,NA,NA,NA,NA,NA,NA,NA
Myanmar,2024-03-01T00:00:00Z,2024,Mar,176,NA,NA,NA,NA,NA,NA,NA,NA,NA,NA,NA,NA,NA
Myanmar,2024-04-01T00:00:00Z,2024,Apr,203,NA,NA,NA,NA,NA,NA,NA,NA,NA,NA,NA,NA,NA
Myanmar,2024-05-01T00:00:00Z,2024,May,311,NA,NA,NA,NA,NA,NA,NA,NA,NA,NA,NA,NA,NA
Myanmar,2024-06-01T00:00:00Z,2024,Jun,574,NA,NA,NA,NA,NA,NA,NA,NA,NA,NA,NA,NA,NA
Myanmar,2024-07-01T00:00:00Z,2024,Jul,1236,NA,NA,NA,NA,NA,NA,NA,NA,NA,NA,NA,NA,NA
Myanmar,2024-08-01T00:00:00Z,2024,Aug,1239,NA,NA,NA,NA,NA,NA,NA,NA,NA,NA,NA,NA,NA
Myanmar,2024-09-01T00:00:00Z,2024,Sep,933,NA,NA,NA,NA,NA,NA,NA,NA,NA,NA,NA,NA,NA
Myanmar,2024-10-01T00:00:00Z,2024,Oct,690,NA,NA,NA,NA,NA,NA,NA,NA,NA,NA,NA,NA,NA
Myanmar,2024-11-01T00:00:00Z,2024,Nov,380,NA,NA,NA,NA,NA,NA,NA,NA,NA,NA,NA,NA,NA
Myanmar,2024-12-01T00:00:00Z,2024,Dec,257,NA,NA,NA,NA,NA,NA,NA,NA,NA,NA,NA,NA,NA
Myanmar,2025-01-01T00:00:00Z,2025,Jan,172,NA,NA,NA,NA,NA,NA,NA,NA,NA,NA,NA,NA,NA
Myanmar,2025-02-01T00:00:00Z,2025,Feb,120,NA,NA,NA,NA,NA,NA,NA,NA,NA,NA,NA,NA,NA
Myanmar,2025-03-01T00:00:00Z,2025,Mar,167,NA,NA,NA,NA,NA,NA,NA,NA,NA,NA,NA,NA,NA
Myanmar,2025-04-01T00:00:00Z,2025,Apr,235,NA,NA,NA,NA,NA,NA,NA,NA,NA,NA,NA,NA,NA
Myanmar,2025-05-01T00:00:00Z,2025,May,699,NA,NA,NA,NA,NA,NA,NA,NA,NA,NA,NA,NA,NA
Myanmar,2025-06-01T00:00:00Z,2025,Jun,0,NA,NA,NA,NA,NA,NA,NA,NA,NA,NA,NA,NA,NA
Myanmar,2025-07-01T00:00:00Z,2025,Jul,0,NA,NA,NA,NA,NA,NA,NA,NA,NA,NA,NA,NA,NA
Myanmar,2025-08-01T00:00:00Z,2025,Aug,0,NA,NA,NA,NA,NA,NA,NA,NA,NA,NA,NA,NA,NA
Myanmar,2025-09-01T00:00:00Z,2025,Sep,0,NA,NA,NA,NA,NA,NA,NA,NA,NA,NA,NA,NA,NA
Myanmar,2025-10-01T00:00:00Z,2025,Oct,0,NA,NA,NA,NA,NA,NA,NA,NA,NA,NA,NA,NA,NA
Myanmar,2025-11-01T00:00:00Z,2025,Nov,0,NA,NA,NA,NA,NA,NA,NA,NA,NA,NA,NA,NA,NA
Myanmar,2025-12-01T00:00:00Z,2025,Dec,0,NA,NA,NA,NA,NA,NA,NA,NA,NA,NA,NA,NA,NA
Nepal,2024-01-01T00:00:00Z,2024,Jan,499,NA,NA,NA,NA,NA,NA,NA,NA,NA,NA,NA,NA,NA
Nepal,2024-02-01T00:00:00Z,2024,Feb,408,NA,NA,NA,NA,NA,NA,NA,NA,NA,NA,NA,NA,NA
Nepal,2024-03-01T00:00:00Z,2024,Mar,374,NA,NA,NA,NA,NA,NA,NA,NA,NA,NA,NA,NA,NA
Nepal,2024-04-01T00:00:00Z,2024,Apr,463,NA,NA,NA,NA,NA,NA,NA,NA,NA,NA,NA,NA,NA
Nepal,2024-05-01T00:00:00Z,2024,May,495,NA,NA,NA,NA,NA,NA,NA,NA,NA,NA,NA,NA,NA
Nepal,2024-06-01T00:00:00Z,2024,Jun,632,NA,NA,NA,NA,NA,NA,NA,NA,NA,NA,NA,NA,NA
Nepal,2024-07-01T00:00:00Z,2024,Jul,1906,NA,NA,NA,NA,NA,NA,NA,NA,NA,NA,NA,NA,NA
Nepal,2024-08-01T00:00:00Z,2024,Aug,6493,NA,NA,NA,NA,NA,NA,NA,NA,NA,NA,NA,NA,NA
Nepal,2024-09-01T00:00:00Z,2024,Sep,11875,NA,NA,NA,NA,NA,NA,NA,NA,NA,NA,NA,NA,NA
Nepal,2024-10-01T00:00:00Z,2024,Oct,12332,NA,NA,NA,NA,NA,NA,NA,NA,NA,NA,NA,NA,NA
Nepal,2024-11-01T00:00:00Z,2024,Nov,5544,NA,NA,NA,NA,NA,NA,NA,NA,NA,NA,NA,NA,NA
Nepal,2024-12-01T00:00:00Z,2024,Dec,844,NA,NA,NA,NA,NA,NA,NA,NA,NA,NA,NA,NA,NA
Nepal,2025-01-01T00:00:00Z,2025,Jan,251,NA,NA,NA,NA,NA,NA,NA,NA,NA,NA,NA,NA,NA
Nepal,2025-02-01T00:00:00Z,2025,Feb,245,NA,NA,NA,NA,NA,NA,NA,NA,NA,NA,NA,NA,NA
Nepal,2025-03-01T00:00:00Z,2025,Mar,241,NA,NA,NA,NA,NA,NA,NA,NA,NA,NA,NA,NA,NA
Nepal,2025-04-01T00:00:00Z,2025,Apr,201,NA,NA,NA,NA,NA,NA,NA,NA,NA,NA,NA,NA,NA
Nepal,2025-05-01T00:00:00Z,2025,May,277,NA,NA,NA,NA,NA,NA,NA,NA,NA,NA,NA,NA,NA
Nepal,2025-06-01T00:00:00Z,2025,Jun,0,NA,NA,NA,NA,NA,NA,NA,NA,NA,NA,NA,NA,NA
Nepal,2025-07-01T00:00:00Z,2025,Jul,0,NA,NA,NA,NA,NA,NA,NA,NA,NA,NA,NA,NA,NA
Nepal,2025-08-01T00:00:00Z,2025,Aug,0,NA,NA,NA,NA,NA,NA,NA,NA,NA,NA,NA,NA,NA
Nepal,2025-09-01T00:00:00Z,2025,Sep,0,NA,NA,NA,NA,NA,NA,NA,NA,NA,NA,NA,NA,NA
Nepal,2025-10-01T00:00:00Z,2025,Oct,0,NA,NA,NA,NA,NA,NA,NA,NA,NA,NA,NA,NA,NA
Nepal,2025-11-01T00:00:00Z,2025,Nov,0,NA,NA,NA,NA,NA,NA,NA,NA,NA,NA,NA,NA,NA
Nepal,2025-12-01T00:00:00Z,2025,Dec,0,NA,NA,NA,NA,NA,NA,NA,NA,NA,NA,NA,NA,NA
Indonesia,2024-01-01T00:00:00Z,2024,Jan,27268,NA,NA,NA,NA,NA,NA,NA,NA,NA,NA,NA,NA,NA
Indonesia,2024-02-01T00:00:00Z,2024,Feb,29411,NA,NA,NA,NA,NA,NA,NA,NA,NA,NA,NA,NA,NA
Indonesia,2024-03-01T00:00:00Z,2024,Mar,32292,NA,NA,NA,NA,NA,NA,NA,NA,NA,NA,NA,NA,NA
Indonesia,2024-04-01T00:00:00Z,2024,Apr,30123,NA,NA,NA,NA,NA,NA,NA,NA,NA,NA,NA,NA,NA
Indonesia,2024-05-01T00:00:00Z,2024,May,32020,NA,NA,NA,NA,NA,NA,NA,NA,NA,NA,NA,NA,NA
Indonesia,2024-06-01T00:00:00Z,2024,Jun,24098,NA,NA,NA,NA,NA,NA,NA,NA,NA,NA,NA,NA,NA
Indonesia,2024-07-01T00:00:00Z,2024,Jul,19265,NA,NA,NA,NA,NA,NA,NA,NA,NA,NA,NA,NA,NA
Indonesia,2024-08-01T00:00:00Z,2024,Aug,14563,NA,NA,NA,NA,NA,NA,NA,NA,NA,NA,NA,NA,NA
Indonesia,2024-09-01T00:00:00Z,2024,Sep,11074,NA,NA,NA,NA,NA,NA,NA,NA,NA,NA,NA,NA,NA
Indonesia,2024-10-01T00:00:00Z,2024,Oct,10970,NA,NA,NA,NA,NA,NA,NA,NA,NA,NA,NA,NA,NA
Indonesia,2024-11-01T00:00:00Z,2024,Nov,11975,NA,NA,NA,NA,NA,NA,NA,NA,NA,NA,NA,NA,NA
Indonesia,2024-12-01T00:00:00Z,2024,Dec,14212,NA,NA,NA,NA,NA,NA,NA,NA,NA,NA,NA,NA,NA
Indonesia,2025-01-01T00:00:00Z,2025,Jan,21417,NA,NA,NA,NA,NA,NA,NA,NA,NA,NA,NA,NA,NA
Indonesia,2025-02-01T00:00:00Z,2025,Feb,17160,NA,NA,NA,NA,NA,NA,NA,NA,NA,NA,NA,NA,NA
Indonesia,2025-03-01T00:00:00Z,2025,Mar,11795,NA,NA,NA,NA,NA,NA,NA,NA,NA,NA,NA,NA,NA
Indonesia,2025-04-01T00:00:00Z,2025,Apr,5750,NA,NA,NA,NA,NA,NA,NA,NA,NA,NA,NA,NA,NA
Indonesia,2025-05-01T00:00:00Z,2025,May,157,NA,NA,NA,NA,NA,NA,NA,NA,NA,NA,NA,NA,NA
Indonesia,2025-06-01T00:00:00Z,2025,Jun,0,NA,NA,NA,NA,NA,NA,NA,NA,NA,NA,NA,NA,NA
Indonesia,2025-07-01T00:00:00Z,2025,Jul,0,NA,NA,NA,NA,NA,NA,NA,NA,NA,NA,NA,NA,NA
Indonesia,2025-08-01T00:00:00Z,2025,Aug,0,NA,NA,NA,NA,NA,NA,NA,NA,NA,NA,NA,NA,NA
Indonesia,2025-09-01T00:00:00Z,2025,Sep,0,NA,NA,NA,NA,NA,NA,NA,NA,NA,NA,NA,NA,NA
Indonesia,2025-10-01T00:00:00Z,2025,Oct,0,NA,NA,NA,NA,NA,NA,NA,NA,NA,NA,NA,NA,NA
Indonesia,2025-11-01T00:00:00Z,2025,Nov,0,NA,NA,NA,NA,NA,NA,NA,NA,NA,NA,NA,NA,NA
Indonesia,2025-12-01T00:00:00Z,2025,Dec,0,NA,NA,NA,NA,NA,NA,NA,NA,NA,NA,NA,NA,NA
Thailand,2024-01-01T00:00:00Z,2024,Jan,11413,NA,NA,NA,NA,NA,NA,NA,NA,NA,NA,NA,NA,NA
Thailand,2024-02-01T00:00:00Z,2024,Feb,7123,NA,NA,NA,NA,NA,NA,NA,NA,NA,NA,NA,NA,NA
Thailand,2024-03-01T00:00:00Z,2024,Mar,5315,NA,NA,NA,NA,NA,NA,NA,NA,NA,NA,NA,NA,NA
Thailand,2024-04-01T00:00:00Z,2024,Apr,4327,NA,NA,NA,NA,NA,NA,NA,NA,NA,NA,NA,NA,NA
Thailand,2024-05-01T00:00:00Z,2024,May,4968,NA,NA,NA,NA,NA,NA,NA,NA,NA,NA,NA,NA,NA
Thailand,2024-06-01T00:00:00Z,2024,Jun,7992,NA,NA,NA,NA,NA,NA,NA,NA,NA,NA,NA,NA,NA
Thailand,2024-07-01T00:00:00Z,2024,Jul,15371,NA,NA,NA,NA,NA,NA,NA,NA,NA,NA,NA,NA,NA
Thailand,2024-08-01T00:00:00Z,2024,Aug,16119,NA,NA,NA,NA,NA,NA,NA,NA,NA,NA,NA,NA,NA
Thailand,2024-09-01T00:00:00Z,2024,Sep,11395,NA,NA,NA,NA,NA,NA,NA,NA,NA,NA,NA,NA,NA
Thailand,2024-10-01T00:00:00Z,2024,Oct,8359,NA,NA,NA,NA,NA,NA,NA,NA,NA,NA,NA,NA,NA
Thailand,2024-11-01T00:00:00Z,2024,Nov,7006,NA,NA,NA,NA,NA,NA,NA,NA,NA,NA,NA,NA,NA
Thailand,2024-12-01T00:00:00Z,2024,Dec,5293,NA,NA,NA,NA,NA,NA,NA,NA,NA,NA,NA,NA,NA
Thailand,2025-01-01T00:00:00Z,2025,Jan,4005,NA,NA,NA,NA,NA,NA,NA,NA,NA,NA,NA,NA,NA
Thailand,2025-02-01T00:00:00Z,2025,Feb,2269,NA,NA,NA,NA,NA,NA,NA,NA,NA,NA,NA,NA,NA
Thailand,2025-03-01T00:00:00Z,2025,Mar,2447,NA,NA,NA,NA,NA,NA,NA,NA,NA,NA,NA,NA,NA
Thailand,2025-04-01T00:00:00Z,2025,Apr,2271,NA,NA,NA,NA,NA,NA,NA,NA,NA,NA,NA,NA,NA
Thailand,2025-05-01T00:00:00Z,2025,May,4683,NA,NA,NA,NA,NA,NA,NA,NA,NA,NA,NA,NA,NA
Thailand,2025-06-01T00:00:00Z,2025,Jun,0,NA,NA,NA,NA,NA,NA,NA,NA,NA,NA,NA,NA,NA
Thailand,2025-07-01T00:00:00Z,2025,Jul,0,NA,NA,NA,NA,NA,NA,NA,NA,NA,NA,NA,NA,NA
Thailand,2025-08-01T00:00:00Z,2025,Aug,0,NA,NA,NA,NA,NA,NA,NA,NA,NA,NA,NA,NA,NA
Thailand,2025-09-01T00:00:00Z,2025,Sep,0,NA,NA,NA,NA,NA,NA,NA,NA,NA,NA,NA,NA,NA
Thailand,2025-10-01T00:00:00Z,2025,Oct,0,NA,NA,NA,NA,NA,NA,NA,NA,NA,NA,NA,NA,NA
Thailand,2025-11-01T00:00:00Z,2025,Nov,0,NA,NA,NA,NA,NA,NA,NA,NA,NA,NA,NA,NA,NA
Thailand,2025-12-01T00:00:00Z,2025,Dec,0,NA,NA,NA,NA,NA,NA,NA,NA,NA,NA,NA,NA,NA
Sri Lanka,2024-01-01T00:00:00Z,2024,Jan,10752,NA,NA,NA,NA,NA,NA,NA,NA,NA,NA,NA,NA,NA
Sri Lanka,2024-02-01T00:00:00Z,2024,Feb,6047,NA,NA,NA,NA,NA,NA,NA,NA,NA,NA,NA,NA,NA
Sri Lanka,2024-03-01T00:00:00Z,2024,Mar,3629,NA,NA,NA,NA,NA,NA,NA,NA,NA,NA,NA,NA,NA
Sri Lanka,2024-04-01T00:00:00Z,2024,Apr,2234,NA,NA,NA,NA,NA,NA,NA,NA,NA,NA,NA,NA,NA
Sri Lanka,2024-05-01T00:00:00Z,2024,May,2650,NA,NA,NA,NA,NA,NA,NA,NA,NA,NA,NA,NA,NA
Sri Lanka,2024-06-01T00:00:00Z,2024,Jun,3312,NA,NA,NA,NA,NA,NA,NA,NA,NA,NA,NA,NA,NA
Sri Lanka,2024-07-01T00:00:00Z,2024,Jul,4519,NA,NA,NA,NA,NA,NA,NA,NA,NA,NA,NA,NA,NA
Sri Lanka,2024-08-01T00:00:00Z,2024,Aug,3896,NA,NA,NA,NA,NA,NA,NA,NA,NA,NA,NA,NA,NA
Sri Lanka,2024-09-01T00:00:00Z,2024,Sep,2772,NA,NA,NA,NA,NA,NA,NA,NA,NA,NA,NA,NA,NA
Sri Lanka,2024-10-01T00:00:00Z,2024,Oct,2964,NA,NA,NA,NA,NA,NA,NA,NA,NA,NA,NA,NA,NA
Sri Lanka,2024-11-01T00:00:00Z,2024,Nov,3498,NA,NA,NA,NA,NA,NA,NA,NA,NA,NA,NA,NA,NA
Sri Lanka,2024-12-01T00:00:00Z,2024,Dec,3604,NA,NA,NA,NA,NA,NA,NA,NA,NA,NA,NA,NA,NA
Sri Lanka,2025-01-01T00:00:00Z,2025,Jan,4942,NA,NA,NA,NA,NA,NA,NA,NA,NA,NA,NA,NA,NA
Sri Lanka,2025-02-01T00:00:00Z,2025,Feb,3666,NA,NA,NA,NA,NA,NA,NA,NA,NA,NA,NA,NA,NA
Sri Lanka,2025-03-01T00:00:00Z,2025,Mar,3771,NA,NA,NA,NA,NA,NA,NA,NA,NA,NA,NA,NA,NA
Sri Lanka,2025-04-01T00:00:00Z,2025,Apr,5171,NA,NA,NA,NA,NA,NA,NA,NA,NA,NA,NA,NA,NA
Sri Lanka,2025-05-01T00:00:00Z,2025,May,0,NA,NA,NA,NA,NA,NA,NA,NA,NA,NA,NA,NA,NA
Sri Lanka,2025-06-01T00:00:00Z,2025,Jun,0,NA,NA,NA,NA,NA,NA,NA,NA,NA,NA,NA,NA,NA
Sri Lanka,2025-07-01T00:00:00Z,2025,Jul,0,NA,NA,NA,NA,NA,NA,NA,NA,NA,NA,NA,NA,NA
Sri Lanka,2025-08-01T00:00:00Z,2025,Aug,0,NA,NA,NA,NA,NA,NA,NA,NA,NA,NA,NA,NA,NA
Sri Lanka,2025-09-01T00:00:00Z,2025,Sep,0,NA,NA,NA,NA,NA,NA,NA,NA,NA,NA,NA,NA,NA
Sri Lanka,2025-10-01T00:00:00Z,2025,Oct,0,NA,NA,NA,NA,NA,NA,NA,NA,NA,NA,NA,NA,NA
Sri Lanka,2025-11-01T00:00:00Z,2025,Nov,0,NA,NA,NA,NA,NA,NA,NA,NA,NA,NA,NA,NA,NA
Sri Lanka,2025-12-01T00:00:00Z,2025,Dec,0,NA,NA,NA,NA,NA,NA,NA,NA,NA,NA,NA,NA,NA
Timor-Leste,2024-01-01T00:00:00Z,2024,Jan,189,NA,NA,NA,NA,NA,NA,NA,NA,NA,NA,NA,NA,NA
Timor-Leste,2024-02-01T00:00:00Z,2024,Feb,328,NA,NA,NA,NA,NA,NA,NA,NA,NA,NA,NA,NA,NA
Timor-Leste,2024-03-01T00:00:00Z,2024,Mar,347,NA,NA,NA,NA,NA,NA,NA,NA,NA,NA,NA,NA,NA
Timor-Leste,2024-04-01T00:00:00Z,2024,Apr,307,NA,NA,NA,NA,NA,NA,NA,NA,NA,NA,NA,NA,NA
Timor-Leste,2024-05-01T00:00:00Z,2024,May,101,NA,NA,NA,NA,NA,NA,NA,NA,NA,NA,NA,NA,NA
Timor-Leste,2024-06-01T00:00:00Z,2024,Jun,45,NA,NA,NA,NA,NA,NA,NA,NA,NA,NA,NA,NA,NA
Timor-Leste,2024-07-01T00:00:00Z,2024,Jul,30,NA,NA,NA,NA,NA,NA,NA,NA,NA,NA,NA,NA,NA
Timor-Leste,2024-08-01T00:00:00Z,2024,Aug,24,NA,NA,NA,NA,NA,NA,NA,NA,NA,NA,NA,NA,NA
Timor-Leste,2024-09-01T00:00:00Z,2024,Sep,28,NA,NA,NA,NA,NA,NA,NA,NA,NA,NA,NA,NA,NA
Timor-Leste,2024-10-01T00:00:00Z,2024,Oct,39,NA,NA,NA,NA,NA,NA,NA,NA,NA,NA,NA,NA,NA
Timor-Leste,2024-11-01T00:00:00Z,2024,Nov,12,NA,NA,NA,NA,NA,NA,NA,NA,NA,NA,NA,NA,NA
Timor-Leste,2024-12-01T00:00:00Z,2024,Dec,12,NA,NA,NA,NA,NA,NA,NA,NA,NA,NA,NA,NA,NA
Timor-Leste,2025-01-01T00:00:00Z,2025,Jan,129,NA,NA,NA,NA,NA,NA,NA,NA,NA,NA,NA,NA,NA
Timor-Leste,2025-02-01T00:00:00Z,2025,Feb,185,NA,NA,NA,NA,NA,NA,NA,NA,NA,NA,NA,NA,NA
Timor-Leste,2025-03-01T00:00:00Z,2025,Mar,188,NA,NA,NA,NA,NA,NA,NA,NA,NA,NA,NA,NA,NA
Timor-Leste,2025-04-01T00:00:00Z,2025,Apr,127,NA,NA,NA,NA,NA,NA,NA,NA,NA,NA,NA,NA,NA
Timor-Leste,2025-05-01T00:00:00Z,2025,May,102,NA,NA,NA,NA,NA,NA,NA,NA,NA,NA,NA,NA,NA
Timor-Leste,2025-06-01T00:00:00Z,2025,Jun,0,NA,NA,NA,NA,NA,NA,NA,NA,NA,NA,NA,NA,NA
Timor-Leste,2025-07-01T00:00:00Z,2025,Jul,0,NA,NA,NA,NA,NA,NA,NA,NA,NA,NA,NA,NA,NA
Timor-Leste,2025-08-01T00:00:00Z,2025,Aug,0,NA,NA,NA,NA,NA,NA,NA,NA,NA,NA,NA,NA,NA
Timor-Leste,2025-09-01T00:00:00Z,2025,Sep,0,NA,NA,NA,NA,NA,NA,NA,NA,NA,NA,NA,NA,NA
Timor-Leste,2025-10-01T00:00:00Z,2025,Oct,0,NA,NA,NA,NA,NA,NA,NA,NA,NA,NA,NA,NA,NA
Timor-Leste,2025-11-01T00:00:00Z,2025,Nov,0,NA,NA,NA,NA,NA,NA,NA,NA,NA,NA,NA,NA,NA
Timor-Leste,2025-12-01T00:00:00Z,2025,Dec,0,NA,NA,NA,NA,NA,NA,NA,NA,NA,NA,NA,NA,NA
Bangladesh,2024-01-01T00:00:00Z,2024,Jan,1055,NA,NA,NA,NA,NA,NA,NA,NA,NA,NA,NA,NA,NA
Bangladesh,2024-02-01T00:00:00Z,2024,Feb,339,NA,NA,NA,NA,NA,NA,NA,NA,NA,NA,NA,NA,NA
Bangladesh,2024-03-01T00:00:00Z,2024,Mar,311,NA,NA,NA,NA,NA,NA,NA,NA,NA,NA,NA,NA,NA
Bangladesh,2024-04-01T00:00:00Z,2024,Apr,504,NA,NA,NA,NA,NA,NA,NA,NA,NA,NA,NA,NA,NA
Bangladesh,2024-05-01T00:00:00Z,2024,May,644,NA,NA,NA,NA,NA,NA,NA,NA,NA,NA,NA,NA,NA
Bangladesh,2024-06-01T00:00:00Z,2024,Jun,798,NA,NA,NA,NA,NA,NA,NA,NA,NA,NA,NA,NA,NA
Bangladesh,2024-07-01T00:00:00Z,2024,Jul,2669,NA,NA,NA,NA,NA,NA,NA,NA,NA,NA,NA,NA,NA
Bangladesh,2024-08-01T00:00:00Z,2024,Aug,6521,NA,NA,NA,NA,NA,NA,NA,NA,NA,NA,NA,NA,NA
Bangladesh,2024-09-01T00:00:00Z,2024,Sep,18097,NA,NA,NA,NA,NA,NA,NA,NA,NA,NA,NA,NA,NA
Bangladesh,2024-10-01T00:00:00Z,2024,Oct,30879,NA,NA,NA,NA,NA,NA,NA,NA,NA,NA,NA,NA,NA
Bangladesh,2024-11-01T00:00:00Z,2024,Nov,29652,NA,NA,NA,NA,NA,NA,NA,NA,NA,NA,NA,NA,NA
Bangladesh,2024-12-01T00:00:00Z,2024,Dec,9745,NA,NA,NA,NA,NA,NA,NA,NA,NA,NA,NA,NA,NA
Bangladesh,2025-01-01T00:00:00Z,2025,Jan,1161,NA,NA,NA,NA,NA,NA,NA,NA,NA,NA,NA,NA,NA
Bangladesh,2025-02-01T00:00:00Z,2025,Feb,374,NA,NA,NA,NA,NA,NA,NA,NA,NA,NA,NA,NA,NA
Bangladesh,2025-03-01T00:00:00Z,2025,Mar,336,NA,NA,NA,NA,NA,NA,NA,NA,NA,NA,NA,NA,NA
Bangladesh,2025-04-01T00:00:00Z,2025,Apr,701,NA,NA,NA,NA,NA,NA,NA,NA,NA,NA,NA,NA,NA
Bangladesh,2025-05-01T00:00:00Z,2025,May,1773,NA,NA,NA,NA,NA,NA,NA,NA,NA,NA,NA,NA,NA
Bangladesh,2025-06-01T00:00:00Z,2025,Jun,0,NA,NA,NA,NA,NA,NA,NA,NA,NA,NA,NA,NA,NA
Bangladesh,2025-07-01T00:00:00Z,2025,Jul,0,NA,NA,NA,NA,NA,NA,NA,NA,NA,NA,NA,NA,NA
Bangladesh,2025-08-01T00:00:00Z,2025,Aug,0,NA,NA,NA,NA,NA,NA,NA,NA,NA,NA,NA,NA,NA
Bangladesh,2025-09-01T00:00:00Z,2025,Sep,0,NA,NA,NA,NA,NA,NA,NA,NA,NA,NA,NA,NA,NA
Bangladesh,2025-10-01T00:00:00Z,2025,Oct,0,NA,NA,NA,NA,NA,NA,NA,NA,NA,NA,NA,NA,NA
Bangladesh,2025-11-01T00:00:00Z,2025,Nov,0,NA,NA,NA,NA,NA,NA,NA,NA,NA,NA,NA,NA,NA
Bangladesh,2025-12-01T00:00:00Z,2025,Dec,0,NA,NA,NA,NA,NA,NA,NA,NA,NA,NA,NA,NA,NA
Bhutan,2024-01-01T00:00:00Z,2024,Jan,0,NA,NA,NA,NA,NA,NA,NA,NA,NA,NA,NA,NA,NA
Bhutan,2024-02-01T00:00:00Z,2024,Feb,0,NA,NA,NA,NA,NA,NA,NA,NA,NA,NA,NA,NA,NA
Bhutan,2024-03-01T00:00:00Z,2024,Mar,0,NA,NA,NA,NA,NA,NA,NA,NA,NA,NA,NA,NA,NA
Bhutan,2024-04-01T00:00:00Z,2024,Apr,0,NA,NA,NA,NA,NA,NA,NA,NA,NA,NA,NA,NA,NA
Bhutan,2024-05-01T00:00:00Z,2024,May,0,NA,NA,NA,NA,NA,NA,NA,NA,NA,NA,NA,NA,NA
Bhutan,2024-06-01T00:00:00Z,2024,Jun,0,NA,NA,NA,NA,NA,NA,NA,NA,NA,NA,NA,NA,NA
Bhutan,2024-07-01T00:00:00Z,2024,Jul,2,NA,NA,NA,NA,NA,NA,NA,NA,NA,NA,NA,NA,NA
Bhutan,2024-08-01T00:00:00Z,2024,Aug,4,NA,NA,NA,NA,NA,NA,NA,NA,NA,NA,NA,NA,NA
Bhutan,2024-09-01T00:00:00Z,2024,Sep,1,NA,NA,NA,NA,NA,NA,NA,NA,NA,NA,NA,NA,NA
Bhutan,2024-10-01T00:00:00Z,2024,Oct,3,NA,NA,NA,NA,NA,NA,NA,NA,NA,NA,NA,NA,NA
Bhutan,2024-11-01T00:00:00Z,2024,Nov,4,NA,NA,NA,NA,NA,NA,NA,NA,NA,NA,NA,NA,NA
Bhutan,2024-12-01T00:00:00Z,2024,Dec,3,NA,NA,NA,NA,NA,NA,NA,NA,NA,NA,NA,NA,NA
Bhutan,2025-01-01T00:00:00Z,2025,Jan,2,NA,NA,NA,NA,NA,NA,NA,NA,NA,NA,NA,NA,NA
Bhutan,2025-02-01T00:00:00Z,2025,Feb,0,NA,NA,NA,NA,NA,NA,NA,NA,NA,NA,NA,NA,NA
Bhutan,2025-03-01T00:00:00Z,2025,Mar,1,NA,NA,NA,NA,NA,NA,NA,NA,NA,NA,NA,NA,NA
Bhutan,2025-04-01T00:00:00Z,2025,Apr,0,NA,NA,NA,NA,NA,NA,NA,NA,NA,NA,NA,NA,NA
Bhutan,2025-05-01T00:00:00Z,2025,May,1,NA,NA,NA,NA,NA,NA,NA,NA,NA,NA,NA,NA,NA
Bhutan,2025-06-01T00:00:00Z,2025,Jun,0,NA,NA,NA,NA,NA,NA,NA,NA,NA,NA,NA,NA,NA
Bhutan,2025-07-01T00:00:00Z,2025,Jul,0,NA,NA,NA,NA,NA,NA,NA,NA,NA,NA,NA,NA,NA
Bhutan,2025-08-01T00:00:00Z,2025,Aug,0,NA,NA,NA,NA,NA,NA,NA,NA,NA,NA,NA,NA,NA
Bhutan,2025-09-01T00:00:00Z,2025,Sep,0,NA,NA,NA,NA,NA,NA,NA,NA,NA,NA,NA,NA,NA
Bhutan,2025-10-01T00:00:00Z,2025,Oct,0,NA,NA,NA,NA,NA,NA,NA,NA,NA,NA,NA,NA,NA
Bhutan,2025-11-01T00:00:00Z,2025,Nov,0,NA,NA,NA,NA,NA,NA,NA,NA,NA,NA,NA,NA,NA
Bhutan,2025-12-01T00:00:00Z,2025,Dec,0,NA,NA,NA,NA,NA,NA,NA,NA,NA,NA,NA,NA,NA
